-- phpMyAdmin SQL Dump
-- version 4.8.2
-- https://www.phpmyadmin.net/
--
-- Host: 127.0.0.1
-- Generation Time: Sep 12, 2018 at 10:28 PM
-- Server version: 10.1.34-MariaDB
-- PHP Version: 7.2.8

SET SQL_MODE = "NO_AUTO_VALUE_ON_ZERO";
SET AUTOCOMMIT = 0;
START TRANSACTION;
SET time_zone = "+00:00";


/*!40101 SET @OLD_CHARACTER_SET_CLIENT=@@CHARACTER_SET_CLIENT */;
/*!40101 SET @OLD_CHARACTER_SET_RESULTS=@@CHARACTER_SET_RESULTS */;
/*!40101 SET @OLD_COLLATION_CONNECTION=@@COLLATION_CONNECTION */;
/*!40101 SET NAMES utf8mb4 */;

--
-- Database: `eapi`
--

-- --------------------------------------------------------

--
-- Table structure for table `migrations`
--

CREATE TABLE `migrations` (
  `id` int(10) UNSIGNED NOT NULL,
  `migration` varchar(190) COLLATE utf8mb4_unicode_ci NOT NULL,
  `batch` int(11) NOT NULL
) ENGINE=InnoDB DEFAULT CHARSET=utf8mb4 COLLATE=utf8mb4_unicode_ci;

--
-- Dumping data for table `migrations`
--

INSERT INTO `migrations` (`id`, `migration`, `batch`) VALUES
(1, '2014_10_12_000000_create_users_table', 1),
(2, '2014_10_12_100000_create_password_resets_table', 1),
(3, '2018_09_12_191751_create_products_table', 1),
(4, '2018_09_12_191947_create_reviews_table', 1);

-- --------------------------------------------------------

--
-- Table structure for table `password_resets`
--

CREATE TABLE `password_resets` (
  `email` varchar(190) COLLATE utf8mb4_unicode_ci NOT NULL,
  `token` varchar(190) COLLATE utf8mb4_unicode_ci NOT NULL,
  `created_at` timestamp NULL DEFAULT NULL
) ENGINE=InnoDB DEFAULT CHARSET=utf8mb4 COLLATE=utf8mb4_unicode_ci;

-- --------------------------------------------------------

--
-- Table structure for table `products`
--

CREATE TABLE `products` (
  `id` int(10) UNSIGNED NOT NULL,
  `name` varchar(190) COLLATE utf8mb4_unicode_ci NOT NULL,
  `details` text COLLATE utf8mb4_unicode_ci NOT NULL,
  `price` int(11) NOT NULL,
  `stock` int(11) NOT NULL,
  `discount` int(11) NOT NULL,
  `created_at` timestamp NULL DEFAULT NULL,
  `updated_at` timestamp NULL DEFAULT NULL
) ENGINE=InnoDB DEFAULT CHARSET=utf8mb4 COLLATE=utf8mb4_unicode_ci;

--
-- Dumping data for table `products`
--

INSERT INTO `products` (`id`, `name`, `details`, `price`, `stock`, `discount`, `created_at`, `updated_at`) VALUES
(1, 'explicabo', 'Aut quia velit at. Saepe excepturi voluptas sit delectus voluptatem eligendi ratione illum. Eligendi impedit voluptas quidem non. Earum et quam quis tempora excepturi. Mollitia doloribus excepturi quo illum voluptas dolorem.', 935, 4, 2, '2018-09-12 14:24:53', '2018-09-12 14:24:53'),
(2, 'veritatis', 'Cum amet id laborum quam qui aut dolore. Ea quam quam laudantium animi. Quibusdam eius doloribus est qui aspernatur. Corporis iure temporibus fugiat velit.', 372, 4, 19, '2018-09-12 14:24:53', '2018-09-12 14:24:53'),
(3, 'reprehenderit', 'Quisquam laboriosam quo dolor omnis natus natus sint. Iste exercitationem eum incidunt ut consequatur praesentium. Et est in maxime. Et accusantium ut dolor nemo.', 916, 4, 7, '2018-09-12 14:24:53', '2018-09-12 14:24:53'),
(4, 'eligendi', 'Doloribus quia similique in eos itaque et expedita. Eum ullam doloremque veritatis quasi in officia. Voluptatem quaerat necessitatibus repellat.', 689, 7, 10, '2018-09-12 14:24:53', '2018-09-12 14:24:53'),
(5, 'qui', 'Odit blanditiis autem tempore ut eveniet ipsa. Eligendi minima in et repellendus dolorum laborum. Est dolorum reiciendis dignissimos consequatur atque.', 307, 9, 10, '2018-09-12 14:24:53', '2018-09-12 14:24:53'),
(6, 'sunt', 'Placeat aspernatur culpa omnis magnam necessitatibus non vero quod. Sit velit autem optio eius quasi minus consequatur. Sit et veritatis eum qui dolor. Facilis sapiente provident optio est aut. Voluptatem ad natus delectus velit aut.', 615, 9, 15, '2018-09-12 14:24:53', '2018-09-12 14:24:53'),
(7, 'qui', 'Dolor labore et suscipit et. Non nostrum error vel accusantium. Ut nisi tenetur maiores architecto aut. Soluta quod ullam iusto enim.', 180, 7, 13, '2018-09-12 14:24:53', '2018-09-12 14:24:53'),
(8, 'veniam', 'Officia nihil porro voluptatem ut voluptas vel. Quia saepe nihil eaque tempora hic. Magni fugiat assumenda accusantium amet accusamus inventore dolorem.', 931, 8, 2, '2018-09-12 14:24:53', '2018-09-12 14:24:53'),
(9, 'et', 'Earum eaque dolorum dolor tempore. Nostrum iste dolor dignissimos iste ipsa nam placeat. Mollitia accusantium sed soluta facere esse veniam.', 351, 3, 8, '2018-09-12 14:24:53', '2018-09-12 14:24:53'),
(10, 'asperiores', 'Repellat sed distinctio excepturi atque modi. Rerum cum sit minus qui quia. Culpa quia porro molestiae et vel.', 573, 1, 8, '2018-09-12 14:24:53', '2018-09-12 14:24:53'),
(11, 'dignissimos', 'Provident autem dolores omnis quaerat. Suscipit dolorum corrupti ex dolore harum similique similique. Velit unde aperiam mollitia facilis.', 481, 9, 4, '2018-09-12 14:24:53', '2018-09-12 14:24:53'),
(12, 'culpa', 'Numquam esse id aut deleniti perspiciatis. Modi incidunt consequatur laboriosam sit ex eum eos. Rem eos sunt doloribus in. Similique nulla sed adipisci deleniti quo.', 397, 0, 12, '2018-09-12 14:24:53', '2018-09-12 14:24:53'),
(13, 'ullam', 'Porro reprehenderit voluptas enim nihil qui autem non. Asperiores dolor eum praesentium aliquam reiciendis ratione. Delectus sapiente sit et accusantium. Ut unde ad fugiat animi. Voluptatem facilis suscipit ut quod quos.', 927, 9, 8, '2018-09-12 14:24:53', '2018-09-12 14:24:53'),
(14, 'qui', 'Voluptatum sed neque eos et odit maiores. Consequatur delectus et aspernatur quibusdam. Doloribus nobis culpa quia et. Quasi autem voluptas ut ut officia. Neque repellat reiciendis et optio illo molestias mollitia.', 103, 0, 9, '2018-09-12 14:24:53', '2018-09-12 14:24:53'),
(15, 'nulla', 'Quae incidunt similique quis fugiat rem saepe. Similique aut fugit similique quos ut totam.', 397, 6, 23, '2018-09-12 14:24:53', '2018-09-12 14:24:53'),
(16, 'velit', 'Eos qui in optio alias quis omnis laboriosam praesentium. Voluptatem quod dolores mollitia facere. Sint sit quaerat quod. Aliquid distinctio sit perferendis qui ut.', 167, 6, 26, '2018-09-12 14:24:53', '2018-09-12 14:24:53'),
(17, 'sed', 'Fuga voluptas corporis ratione quae accusamus hic. Corporis et mollitia quae accusantium deleniti in. Velit quisquam qui adipisci sunt et magnam ipsa.', 743, 8, 29, '2018-09-12 14:24:53', '2018-09-12 14:24:53'),
(18, 'dolorem', 'Culpa inventore voluptas qui itaque enim. Est incidunt repellendus occaecati illo et veniam soluta. Vel id repellendus minima necessitatibus. Numquam voluptatem ullam suscipit libero est hic impedit.', 266, 6, 17, '2018-09-12 14:24:53', '2018-09-12 14:24:53'),
(19, 'quisquam', 'Sit illo eveniet optio reprehenderit magnam harum. Sunt ipsa ut velit rerum illo. Beatae ipsa adipisci eos enim non mollitia aut.', 224, 6, 26, '2018-09-12 14:24:53', '2018-09-12 14:24:53'),
(20, 'laudantium', 'Maiores nobis architecto asperiores deserunt. Tenetur possimus reiciendis culpa cupiditate qui est qui.', 551, 5, 10, '2018-09-12 14:24:53', '2018-09-12 14:24:53'),
(21, 'et', 'Laudantium aut omnis vel error adipisci et omnis. Rerum dolorem ipsam quia consequatur molestiae. Sed voluptas suscipit odio et ex perferendis.', 564, 6, 27, '2018-09-12 14:24:53', '2018-09-12 14:24:53'),
(22, 'laboriosam', 'Consequuntur vero sapiente vel perferendis eveniet modi sit. Aut veniam quia veritatis error qui qui eveniet minima. Quod eveniet tempore ea qui cupiditate. Debitis nulla quia nemo expedita officiis aut voluptates repellendus.', 959, 0, 29, '2018-09-12 14:24:53', '2018-09-12 14:24:53'),
(23, 'quae', 'Earum quia voluptatem quis sed. Sequi non suscipit numquam ullam error incidunt earum. Debitis repellendus officia nihil delectus fuga.', 793, 4, 24, '2018-09-12 14:24:53', '2018-09-12 14:24:53'),
(24, 'qui', 'Suscipit quod quia hic maxime vitae soluta. Rerum repellendus tempore error vero est magni. Ipsam occaecati voluptates harum nobis et. At sequi neque iusto consequuntur voluptates.', 649, 5, 11, '2018-09-12 14:24:53', '2018-09-12 14:24:53'),
(25, 'omnis', 'Dolore eligendi pariatur sequi illo dolores ea ea. Enim et deleniti assumenda. Nemo qui dolores in est qui voluptatem. Ea reiciendis perspiciatis a non.', 150, 0, 21, '2018-09-12 14:24:53', '2018-09-12 14:24:53'),
(26, 'commodi', 'Quia qui consequatur quia aliquid assumenda voluptatem. Facilis reprehenderit eos veritatis nobis corporis. Suscipit facilis quae vero dolor mollitia tempora laborum rerum. Et iusto quibusdam dolores consequatur molestias. Facilis provident minima asperiores earum.', 563, 1, 3, '2018-09-12 14:24:53', '2018-09-12 14:24:53'),
(27, 'repellat', 'Aliquam et provident ab molestiae in. Odit quos accusantium molestiae est porro perspiciatis et. Aut alias nesciunt quia ut.', 514, 1, 30, '2018-09-12 14:24:54', '2018-09-12 14:24:54'),
(28, 'magnam', 'Libero explicabo quo ex ratione. Eos temporibus rerum possimus natus quo.', 906, 1, 12, '2018-09-12 14:24:54', '2018-09-12 14:24:54'),
(29, 'eum', 'Odit quisquam fugiat reprehenderit dolor aspernatur. Magnam excepturi voluptas consectetur ad ab officiis. Harum voluptas quam praesentium sint itaque.', 821, 5, 4, '2018-09-12 14:24:54', '2018-09-12 14:24:54'),
(30, 'dolor', 'Quam impedit est molestiae sed. Nemo fuga maiores voluptatem quo optio maiores. Consectetur qui explicabo libero cum quam. Ad veritatis velit aut qui.', 314, 0, 30, '2018-09-12 14:24:54', '2018-09-12 14:24:54'),
(31, 'quod', 'Quis suscipit possimus totam aspernatur tenetur cumque provident. Recusandae delectus et temporibus quasi voluptate vero. Rerum dolor quam sequi nulla voluptate libero sed.', 848, 9, 28, '2018-09-12 14:24:54', '2018-09-12 14:24:54'),
(32, 'explicabo', 'Impedit saepe eaque et iure quae qui. Quis ipsum dolores voluptatem itaque qui. Non in veniam nemo voluptate mollitia iusto quasi. Omnis est officia maiores sint ut.', 335, 5, 10, '2018-09-12 14:24:54', '2018-09-12 14:24:54'),
(33, 'autem', 'Nulla et assumenda voluptas. Pariatur perferendis provident aut optio consequatur nihil consectetur. Nam molestiae voluptate et consequatur. Deleniti molestias dolor enim dolorem nemo ut voluptates et.', 622, 1, 20, '2018-09-12 14:24:54', '2018-09-12 14:24:54'),
(34, 'rerum', 'Dolorem dicta modi et. Laboriosam aut voluptatibus quia autem perferendis explicabo et. Et qui eveniet in et est. Voluptatum et dolorem voluptatem minima assumenda rem. Aut numquam ullam aliquid.', 445, 8, 25, '2018-09-12 14:24:54', '2018-09-12 14:24:54'),
(35, 'explicabo', 'Quia vel maiores facilis. Consequatur quo velit dolores mollitia molestiae et fugiat. Sapiente molestiae dolorem molestiae et. Atque sapiente nisi ipsam.', 449, 9, 11, '2018-09-12 14:24:54', '2018-09-12 14:24:54'),
(36, 'et', 'Similique vel quibusdam totam voluptatem possimus officiis. Aut deserunt illum et numquam sunt quia nam earum. Quia sunt perspiciatis et nemo consequuntur magnam harum.', 387, 7, 19, '2018-09-12 14:24:54', '2018-09-12 14:24:54'),
(37, 'fugit', 'Debitis eius unde unde esse blanditiis ut. Nihil voluptas praesentium quo. Beatae corporis commodi enim dolores quidem dolore eum. Recusandae accusamus consequatur est quia expedita provident odio.', 849, 7, 19, '2018-09-12 14:24:54', '2018-09-12 14:24:54'),
(38, 'omnis', 'Placeat distinctio consequatur fugiat voluptatem qui. Incidunt qui excepturi veniam officiis. Veniam repudiandae iste velit aut omnis aut laborum. Adipisci qui qui sit occaecati.', 248, 1, 28, '2018-09-12 14:24:54', '2018-09-12 14:24:54'),
(39, 'aperiam', 'Asperiores veritatis neque enim. Molestias distinctio voluptates et voluptas mollitia assumenda. Hic non quis enim et itaque quia enim. Et laboriosam non porro est.', 369, 7, 17, '2018-09-12 14:24:54', '2018-09-12 14:24:54'),
(40, 'sequi', 'Unde doloremque nisi ut eveniet neque. Fugit nihil ullam dolor autem qui molestiae officia. Natus amet sed in velit explicabo itaque odio a. Esse ea explicabo repellat mollitia et sunt.', 569, 5, 8, '2018-09-12 14:24:54', '2018-09-12 14:24:54'),
(41, 'enim', 'Illum est corrupti qui qui quibusdam aliquam hic ratione. Laboriosam provident mollitia ut vitae et explicabo esse. Itaque illo hic exercitationem ullam qui nesciunt vero.', 381, 2, 4, '2018-09-12 14:24:54', '2018-09-12 14:24:54'),
(42, 'unde', 'Qui impedit est blanditiis. Mollitia deserunt inventore repellendus qui est nesciunt voluptas. Fuga at est totam et vero deserunt. Perspiciatis minus quos nam. Quasi quos ut et sint distinctio deleniti maiores minima.', 480, 5, 27, '2018-09-12 14:24:54', '2018-09-12 14:24:54'),
(43, 'tempora', 'Nobis et consequuntur dignissimos quod veniam quia doloribus. Atque voluptatem dolore impedit fuga. Id tenetur tempora non atque.', 951, 8, 7, '2018-09-12 14:24:54', '2018-09-12 14:24:54'),
(44, 'qui', 'Dolores quia qui vel nisi. Sunt eum voluptatem a adipisci molestias perferendis est. Explicabo assumenda ratione impedit ullam voluptatem consequatur et. Doloribus praesentium repudiandae id perferendis ad et.', 989, 0, 21, '2018-09-12 14:24:54', '2018-09-12 14:24:54'),
(45, 'quis', 'Sunt ducimus quibusdam dolor sed ullam dolore. Tempora et cumque consequatur natus. Et sint qui magni animi sunt. Aspernatur nihil non qui rerum in ut quaerat.', 999, 2, 2, '2018-09-12 14:24:54', '2018-09-12 14:24:54'),
(46, 'et', 'Deserunt eum in reiciendis commodi praesentium. Ex distinctio et excepturi placeat. Fugiat aut quia assumenda. Quidem qui ipsa expedita qui aliquam non.', 924, 0, 9, '2018-09-12 14:24:54', '2018-09-12 14:24:54'),
(47, 'ea', 'Ea quia quisquam laborum. Voluptate sunt ea accusamus et et tempore. Est nisi odio fuga qui ad laborum praesentium. Laudantium nemo adipisci sed dignissimos ipsum quisquam magnam quos.', 489, 6, 5, '2018-09-12 14:24:54', '2018-09-12 14:24:54'),
(48, 'et', 'Fuga et in aut nihil quae pariatur. Dolore iusto recusandae quibusdam aut et in. Libero voluptatibus illum sit.', 434, 7, 29, '2018-09-12 14:24:54', '2018-09-12 14:24:54'),
(49, 'et', 'Quas cupiditate molestias quia est distinctio rerum est voluptatum. Adipisci nam placeat sunt et ipsam commodi consequuntur. Molestiae dolorem libero et sed et ex repellat.', 102, 1, 30, '2018-09-12 14:24:54', '2018-09-12 14:24:54'),
(50, 'qui', 'Consequuntur accusantium dolor provident consectetur architecto temporibus. Error voluptatem nihil dolores voluptas. Nam voluptatem aut unde.', 699, 7, 30, '2018-09-12 14:24:54', '2018-09-12 14:24:54'),
(51, 'explicabo', 'Suscipit porro est unde. Nihil vero vel sunt. Velit vitae saepe enim enim voluptate eum qui. Quibusdam accusamus sint ad numquam minus.', 247, 9, 30, '2018-09-12 14:25:32', '2018-09-12 14:25:32'),
(52, 'voluptatem', 'Ad dolor cumque odit fuga rem ut. Nisi non sunt beatae quidem. Quo voluptas voluptatibus commodi mollitia. Eveniet sunt deserunt occaecati nisi doloremque voluptatem.', 814, 8, 20, '2018-09-12 14:25:32', '2018-09-12 14:25:32'),
(53, 'deserunt', 'Odio deserunt eum corporis id. Voluptatem facere facilis id ab esse nobis.', 799, 4, 3, '2018-09-12 14:25:32', '2018-09-12 14:25:32'),
(54, 'placeat', 'Sed incidunt natus est nobis. Occaecati omnis repudiandae facilis accusamus non et. Ea ullam magnam explicabo quis distinctio. Iure aliquam occaecati sunt et illo ipsa. Accusamus minus dignissimos sed autem.', 265, 3, 11, '2018-09-12 14:25:32', '2018-09-12 14:25:32'),
(55, 'in', 'Perspiciatis ut aut suscipit sed beatae et. Pariatur soluta consequatur error incidunt ea ratione tempore. Vitae dolorem nemo quam reprehenderit. Occaecati omnis atque exercitationem. Quis repudiandae incidunt quia velit minima.', 678, 8, 25, '2018-09-12 14:25:32', '2018-09-12 14:25:32'),
(56, 'itaque', 'Fugit modi vero sed eveniet illum ad. Iusto voluptatum sint sed dolor qui eum. Maiores eligendi ea excepturi aperiam.', 669, 0, 14, '2018-09-12 14:25:32', '2018-09-12 14:25:32'),
(57, 'id', 'Expedita rerum quidem quidem sit debitis est odio repellendus. Rerum amet molestiae labore placeat ut esse sed. Ea est et itaque. Vero reprehenderit et veritatis minus laboriosam earum deleniti.', 718, 4, 8, '2018-09-12 14:25:32', '2018-09-12 14:25:32'),
(58, 'distinctio', 'Hic voluptas est et vel aut. Sunt doloremque neque architecto esse ullam eum ipsam. Porro tenetur nihil et architecto blanditiis quibusdam. Harum iste repellendus modi aut nihil similique consequuntur.', 488, 0, 26, '2018-09-12 14:25:32', '2018-09-12 14:25:32'),
(59, 'quia', 'Saepe eaque esse recusandae qui. Officiis in voluptate rem ipsum vel. Libero porro ab sapiente numquam quo.', 553, 5, 3, '2018-09-12 14:25:32', '2018-09-12 14:25:32'),
(60, 'officiis', 'In hic quas vitae libero soluta qui adipisci. In placeat ipsa quod quisquam ipsum quaerat facilis. Officiis aut consequatur dignissimos error asperiores minus.', 900, 1, 14, '2018-09-12 14:25:32', '2018-09-12 14:25:32'),
(61, 'ut', 'Tempora expedita distinctio hic hic est. Ut quidem natus quae earum recusandae recusandae. Repellendus odit modi alias mollitia et perferendis aut. Vel quisquam est aliquid quibusdam.', 973, 1, 25, '2018-09-12 14:25:32', '2018-09-12 14:25:32'),
(62, 'dignissimos', 'At mollitia rerum est ipsam quidem hic consequatur. Odit consequatur ab architecto libero. Mollitia consequatur similique ut ducimus.', 357, 8, 4, '2018-09-12 14:25:33', '2018-09-12 14:25:33'),
(63, 'unde', 'Debitis id ex quas suscipit commodi doloribus dolore. Sed sed omnis harum suscipit voluptatem aspernatur dolores. Quia totam nam consectetur dolor numquam aut deleniti veritatis. Tempora quod optio incidunt ut repellendus quibusdam quas.', 525, 8, 16, '2018-09-12 14:25:33', '2018-09-12 14:25:33'),
(64, 'consectetur', 'Quia ea deleniti impedit totam corrupti. Et ut ipsa eum placeat. Laudantium molestiae sed voluptas aliquid modi corrupti.', 989, 5, 5, '2018-09-12 14:25:33', '2018-09-12 14:25:33'),
(65, 'rerum', 'Id et dolor ducimus est facilis dolorem. Tempora sit impedit libero. Distinctio nemo laudantium est asperiores tempora. Provident sed eligendi fugiat itaque.', 990, 6, 17, '2018-09-12 14:25:33', '2018-09-12 14:25:33'),
(66, 'maxime', 'Et fugit sed aut sunt vel commodi aut aut. Quisquam cum dolorum laborum veritatis laudantium. Quo eum et est quasi repellendus necessitatibus qui.', 983, 2, 3, '2018-09-12 14:25:33', '2018-09-12 14:25:33'),
(67, 'et', 'Hic tenetur officiis velit eos optio non. Sunt eligendi et ipsam mollitia eum aut ratione. Debitis eum perspiciatis nesciunt iure. Voluptas aut magni explicabo inventore eligendi.', 572, 1, 17, '2018-09-12 14:25:33', '2018-09-12 14:25:33'),
(68, 'vitae', 'Magni dolor atque blanditiis quis. Unde nihil quibusdam consequatur tenetur atque quis et. Soluta maxime sed quas in quas. Voluptatem explicabo consectetur aut tempore sapiente molestiae consequuntur culpa.', 724, 9, 27, '2018-09-12 14:25:33', '2018-09-12 14:25:33'),
(69, 'recusandae', 'Praesentium deleniti ut odit reprehenderit praesentium sed. Quam ab eum ut delectus repellat illo. Non illum aliquid iusto praesentium. Reiciendis quia et blanditiis quaerat a.', 187, 4, 5, '2018-09-12 14:25:33', '2018-09-12 14:25:33'),
(70, 'nam', 'Nisi aut eos eum veniam dolor autem excepturi. Quas non aut rerum asperiores occaecati voluptatem suscipit ea. Voluptatem incidunt dolore odio expedita.', 488, 5, 21, '2018-09-12 14:25:33', '2018-09-12 14:25:33'),
(71, 'molestiae', 'Est aut ullam est totam ipsam. Assumenda ut esse veritatis dolor cum. Ad quis fugiat ut accusamus laboriosam possimus accusamus.', 587, 8, 3, '2018-09-12 14:25:33', '2018-09-12 14:25:33'),
(72, 'voluptatem', 'Laboriosam laboriosam adipisci id consequuntur excepturi et. Quisquam porro sit sint asperiores et. Qui nobis eos officiis ex velit. Est accusamus unde ratione dolores.', 389, 3, 26, '2018-09-12 14:25:33', '2018-09-12 14:25:33'),
(73, 'dignissimos', 'Ex dolorum voluptas veniam voluptas quam quidem. Incidunt nihil cum tenetur quae corrupti omnis. Sint voluptas qui vel dolores.', 261, 3, 28, '2018-09-12 14:25:33', '2018-09-12 14:25:33'),
(74, 'consequuntur', 'Distinctio suscipit eius saepe. Quam et velit consequatur esse quis. Perspiciatis illo beatae repellendus sequi et culpa voluptas.', 397, 2, 21, '2018-09-12 14:25:33', '2018-09-12 14:25:33'),
(75, 'reprehenderit', 'Quia sed aliquid dolorem necessitatibus. Est ut temporibus ipsam minima eaque. Dolorum occaecati odit quo sunt architecto. Et quia voluptatum vitae.', 795, 7, 11, '2018-09-12 14:25:33', '2018-09-12 14:25:33'),
(76, 'quos', 'Sint dicta odit quidem quia tenetur consequatur. Reprehenderit mollitia blanditiis fuga quidem nemo exercitationem.', 669, 2, 16, '2018-09-12 14:25:33', '2018-09-12 14:25:33'),
(77, 'sed', 'Mollitia nemo eos vel nihil deleniti perspiciatis et. Unde doloremque corrupti repudiandae ex aliquam distinctio voluptatem. Aut minus natus odit deleniti neque atque qui. Fugit ut hic est est autem vel maxime.', 246, 4, 12, '2018-09-12 14:25:33', '2018-09-12 14:25:33'),
(78, 'hic', 'Et culpa vero corporis illum beatae harum. Et cupiditate voluptatum dolor non. Iusto quia dolor consectetur deleniti voluptas temporibus.', 245, 7, 17, '2018-09-12 14:25:33', '2018-09-12 14:25:33'),
(79, 'eaque', 'Laborum et est et sint. Esse incidunt sint nesciunt. Commodi dolorem voluptas omnis omnis consequatur animi.', 925, 5, 28, '2018-09-12 14:25:33', '2018-09-12 14:25:33'),
(80, 'quas', 'Aut molestiae aliquid qui nihil doloribus. Pariatur quae sunt est voluptatem dicta quo aliquid. Praesentium quia corrupti et voluptatem nulla.', 907, 4, 10, '2018-09-12 14:25:33', '2018-09-12 14:25:33'),
(81, 'repellendus', 'Est blanditiis molestiae recusandae dolorem corrupti eos ipsa. Ut sit iure voluptas. Ab repellat nemo asperiores omnis tempore non.', 973, 3, 13, '2018-09-12 14:25:33', '2018-09-12 14:25:33'),
(82, 'et', 'Consequatur officia in omnis cupiditate vel minus. Officiis molestiae maxime voluptatem minima aut nesciunt voluptatem. Corporis quia quos sint molestiae libero esse.', 248, 2, 25, '2018-09-12 14:25:33', '2018-09-12 14:25:33'),
(83, 'culpa', 'Sit cum quis quia ut consequatur quod occaecati. Voluptate sapiente quasi ut ipsam. Labore ea et est quis. Ut beatae ut voluptatum.', 770, 4, 28, '2018-09-12 14:25:33', '2018-09-12 14:25:33'),
(84, 'mollitia', 'Eos consequuntur sunt et aut beatae. Fugiat voluptate provident non. Facere sit sint expedita sed quam nostrum. Excepturi in numquam ut atque qui.', 518, 9, 21, '2018-09-12 14:25:33', '2018-09-12 14:25:33'),
(85, 'aut', 'Quia minus enim quibusdam tenetur occaecati saepe. Est quis est iste perferendis deleniti similique. Voluptatem et aut et dolore. Delectus suscipit voluptatem quis illo culpa quidem vel sint.', 405, 0, 23, '2018-09-12 14:25:33', '2018-09-12 14:25:33'),
(86, 'consectetur', 'Omnis expedita eligendi autem. Iste est nihil perspiciatis ut labore ut. Quod quidem delectus possimus laborum eius ratione quis.', 649, 3, 6, '2018-09-12 14:25:33', '2018-09-12 14:25:33'),
(87, 'tempore', 'Et quos excepturi velit quaerat sed. Ex qui veritatis nesciunt vel. Sed quaerat maxime earum veritatis ut quae exercitationem. Saepe occaecati facere sit omnis.', 224, 6, 9, '2018-09-12 14:25:33', '2018-09-12 14:25:33'),
(88, 'quibusdam', 'Aut ipsum explicabo omnis libero et qui. Quas accusamus totam quae rerum aut molestiae. Veritatis nihil ullam tempora voluptatum doloribus similique qui.', 438, 4, 18, '2018-09-12 14:25:33', '2018-09-12 14:25:33'),
(89, 'dolorem', 'Earum quo qui blanditiis perspiciatis aut dolorem. Fugit optio quae doloremque qui autem dignissimos vel.', 434, 6, 8, '2018-09-12 14:25:33', '2018-09-12 14:25:33'),
(90, 'provident', 'Fuga dolores beatae officia est numquam vel itaque. Velit aperiam amet nihil vel velit maiores. Quod eum voluptatum repellat illum qui id commodi. Rerum est totam omnis distinctio dignissimos.', 692, 4, 3, '2018-09-12 14:25:33', '2018-09-12 14:25:33'),
(91, 'omnis', 'Ipsa eum necessitatibus autem in inventore. Tempora quia ut voluptas. Cum reprehenderit sed autem laborum officiis esse.', 788, 7, 9, '2018-09-12 14:25:33', '2018-09-12 14:25:33'),
(92, 'quas', 'Possimus asperiores impedit illum et. Iusto velit eos dolorem earum. Eaque nemo qui expedita minus doloremque.', 677, 0, 9, '2018-09-12 14:25:33', '2018-09-12 14:25:33'),
(93, 'ut', 'Deleniti aperiam occaecati debitis quisquam quae vitae optio temporibus. Voluptas alias praesentium neque.', 606, 4, 23, '2018-09-12 14:25:33', '2018-09-12 14:25:33'),
(94, 'aut', 'Voluptas consectetur necessitatibus fuga ipsa. Et ut odit rerum magnam iusto hic non. Odit qui ut similique impedit possimus. Incidunt omnis non necessitatibus esse nobis.', 650, 9, 12, '2018-09-12 14:25:33', '2018-09-12 14:25:33'),
(95, 'delectus', 'Dicta ipsa aut est magnam totam enim voluptas. Deserunt dolorum exercitationem impedit atque sint excepturi sapiente.', 104, 7, 27, '2018-09-12 14:25:33', '2018-09-12 14:25:33'),
(96, 'deleniti', 'Commodi quia rerum explicabo reiciendis saepe. Quia aliquam corrupti officiis suscipit praesentium voluptatem. Ipsa porro hic quia neque quo dicta blanditiis.', 670, 0, 11, '2018-09-12 14:25:33', '2018-09-12 14:25:33'),
(97, 'quia', 'Nesciunt non fuga doloribus aperiam rerum possimus consequatur. Sunt earum soluta consectetur et est velit et. Qui qui debitis et assumenda. Et voluptas perspiciatis reiciendis at.', 635, 8, 16, '2018-09-12 14:25:33', '2018-09-12 14:25:33'),
(98, 'odio', 'Nemo quos ut quo illo. Quis neque vitae et enim.', 330, 4, 16, '2018-09-12 14:25:33', '2018-09-12 14:25:33'),
(99, 'tenetur', 'Nobis atque provident qui ut. Explicabo exercitationem occaecati libero et. Aut accusamus minus reiciendis corporis nihil eligendi natus.', 664, 4, 17, '2018-09-12 14:25:33', '2018-09-12 14:25:33'),
(100, 'animi', 'Debitis voluptate magni officiis et quam. Aliquam et quos ut dolorem fugit et dolorum. Distinctio porro et qui vero tempore repudiandae dolor. Quos eum non et ut nulla et qui.', 660, 3, 2, '2018-09-12 14:25:34', '2018-09-12 14:25:34');

-- --------------------------------------------------------

--
-- Table structure for table `reviews`
--

CREATE TABLE `reviews` (
  `id` int(10) UNSIGNED NOT NULL,
  `product_id` int(10) UNSIGNED NOT NULL,
  `customer` varchar(190) COLLATE utf8mb4_unicode_ci NOT NULL,
  `review` text COLLATE utf8mb4_unicode_ci NOT NULL,
  `star` int(11) NOT NULL,
  `created_at` timestamp NULL DEFAULT NULL,
  `updated_at` timestamp NULL DEFAULT NULL
) ENGINE=InnoDB DEFAULT CHARSET=utf8mb4 COLLATE=utf8mb4_unicode_ci;

--
-- Dumping data for table `reviews`
--

INSERT INTO `reviews` (`id`, `product_id`, `customer`, `review`, `star`, `created_at`, `updated_at`) VALUES
(1, 41, 'Patricia Collins', 'Et at fugiat eius molestiae sed tempora autem. Quia est non eligendi omnis. Non aliquam ipsum sequi fugit odit dolores sunt.', 4, '2018-09-12 14:25:34', '2018-09-12 14:25:34'),
(2, 23, 'Dr. Briana Hahn DVM', 'Est id eos quis et commodi consectetur iure. Autem placeat consequuntur et distinctio eum quo molestiae. Similique voluptatem accusamus suscipit alias quis ullam provident.', 2, '2018-09-12 14:25:34', '2018-09-12 14:25:34'),
(3, 61, 'Skyla Gerhold', 'Id sit fuga fugiat est. At nulla aperiam perspiciatis reiciendis. Aut dolor reprehenderit quae perferendis et ut.', 1, '2018-09-12 14:25:34', '2018-09-12 14:25:34'),
(4, 17, 'Gladyce Hudson', 'Et modi quis qui sunt laborum sed sed. Et pariatur unde vel similique et eligendi et. Molestiae consequatur nihil sit impedit. Itaque non itaque sed sed.', 3, '2018-09-12 14:25:34', '2018-09-12 14:25:34'),
(5, 36, 'Deborah Bednar', 'Dolorem consequuntur facere labore placeat ipsum. Autem ipsum ipsa numquam quia voluptates quasi laudantium aut. Vero neque nostrum provident voluptatem. Veniam reprehenderit hic praesentium voluptatum est.', 2, '2018-09-12 14:25:34', '2018-09-12 14:25:34'),
(6, 30, 'Hazel Pouros', 'Fuga nesciunt dolorum aut eum est ipsum ea. Voluptatem deserunt voluptas error dicta sit soluta. Nemo impedit esse et iusto minus consequatur.', 5, '2018-09-12 14:25:34', '2018-09-12 14:25:34'),
(7, 6, 'Dr. Ashleigh Bradtke', 'Alias quo aliquam consectetur ut. Consequatur qui dolorum eos temporibus magni et. Ut perspiciatis maiores nesciunt.', 2, '2018-09-12 14:25:34', '2018-09-12 14:25:34'),
(8, 94, 'Alexanne Mitchell', 'Occaecati quas consequatur alias laborum adipisci. Aut nihil dolores iusto enim dolor sequi. Veritatis quis beatae nostrum sit cum.', 5, '2018-09-12 14:25:34', '2018-09-12 14:25:34'),
(9, 37, 'Dr. Bettye Emard PhD', 'Fugit nulla dolorum voluptas omnis ratione eos. Quas corporis suscipit saepe sed est voluptates. Corrupti et dolorem voluptatum expedita et illum quis.', 1, '2018-09-12 14:25:34', '2018-09-12 14:25:34'),
(10, 47, 'Ms. Ashleigh Marquardt MD', 'Dolores placeat enim aperiam voluptatem velit consequuntur. Possimus quam suscipit officia iure quas similique. Expedita eos voluptate eum fugit.', 1, '2018-09-12 14:25:34', '2018-09-12 14:25:34'),
(11, 88, 'Bernice Bechtelar', 'Aut aperiam in voluptas libero inventore omnis magnam. Et repudiandae voluptas nostrum deserunt ad sequi. Aspernatur beatae pariatur praesentium veritatis et modi sapiente eum. Iste culpa alias quibusdam quia placeat.', 2, '2018-09-12 14:25:34', '2018-09-12 14:25:34'),
(12, 100, 'Prof. Vincenza Heidenreich', 'Odit eligendi modi id aut ut hic autem sapiente. Doloremque est sequi accusantium consequatur et rerum ducimus. Ut quaerat corporis qui possimus et voluptatem.', 1, '2018-09-12 14:25:34', '2018-09-12 14:25:34'),
(13, 21, 'Dixie Kuhlman', 'Quasi et magni odio vel labore ducimus officia. Animi libero blanditiis reprehenderit in voluptatem laborum. Distinctio et consequatur pariatur et.', 0, '2018-09-12 14:25:34', '2018-09-12 14:25:34'),
(14, 30, 'Dr. Danny Considine Sr.', 'Quis nemo quaerat molestias commodi quia laboriosam aut nihil. Perspiciatis est aspernatur illo consequatur aut quisquam rerum. Dolore accusamus recusandae distinctio consequatur asperiores facilis sit. Sit architecto consequatur est voluptatem velit.', 4, '2018-09-12 14:25:34', '2018-09-12 14:25:34'),
(15, 43, 'Miss Patience Treutel', 'Itaque sed eius consequatur error dolorum dolore. Aliquam voluptas et quod numquam. Quam voluptatum dolores velit.', 5, '2018-09-12 14:25:34', '2018-09-12 14:25:34'),
(16, 35, 'Mr. Korey Wisozk', 'Pariatur error quam minima. Sapiente eos sed accusantium dolores eaque deleniti nam. Dolore cupiditate maiores nulla deserunt quia.', 3, '2018-09-12 14:25:34', '2018-09-12 14:25:34'),
(17, 83, 'Lauriane O\'Conner I', 'Aperiam beatae repudiandae esse molestias sunt veniam. Et occaecati nihil tempore quo natus beatae. Nihil voluptatum magnam accusamus omnis aut aspernatur enim.', 1, '2018-09-12 14:25:34', '2018-09-12 14:25:34'),
(18, 45, 'Dr. Alberta Abernathy DVM', 'Sint error consequatur aliquid dolorem non suscipit. Dolorem est ut aut accusamus rem aspernatur ut. Est blanditiis omnis voluptas deleniti. Nisi eos quaerat ea nesciunt.', 3, '2018-09-12 14:25:35', '2018-09-12 14:25:35'),
(19, 28, 'Westley Murphy', 'Rerum quam officiis et at vitae itaque. Et et enim facere sunt saepe saepe. Dolores rerum blanditiis numquam nesciunt.', 5, '2018-09-12 14:25:35', '2018-09-12 14:25:35'),
(20, 59, 'Vanessa Wiegand', 'Esse non qui ut numquam est voluptatem quasi. Eaque qui excepturi consequatur. Perspiciatis eveniet cumque voluptas quas mollitia. Est corrupti temporibus maxime voluptate nobis non. Omnis praesentium quas tempora ipsa alias sit.', 3, '2018-09-12 14:25:35', '2018-09-12 14:25:35'),
(21, 95, 'Cleo Veum DDS', 'Nihil quo minima enim perspiciatis. Porro ut sed id ea molestias facere expedita. Molestiae vero hic quaerat aut nemo voluptas sed.', 5, '2018-09-12 14:25:35', '2018-09-12 14:25:35'),
(22, 75, 'Addison Medhurst', 'Beatae soluta mollitia sit non. Sed distinctio deserunt in ea. Magni fugiat laboriosam aut sapiente laboriosam. Excepturi molestias animi expedita maxime quas.', 4, '2018-09-12 14:25:35', '2018-09-12 14:25:35'),
(23, 49, 'Ms. Marcelle Pfannerstill III', 'Sed non perspiciatis dolores aspernatur porro asperiores aliquam nam. Quis tempora maiores vitae enim. Rerum nesciunt omnis aliquid similique ab impedit tempora ab.', 0, '2018-09-12 14:25:35', '2018-09-12 14:25:35'),
(24, 54, 'Juanita Crooks', 'Sapiente numquam autem autem in excepturi beatae itaque. Nisi autem quod distinctio aut. Sunt quas ullam impedit repudiandae. Dolores qui porro quia enim fuga porro nihil.', 2, '2018-09-12 14:25:35', '2018-09-12 14:25:35'),
(25, 25, 'Zion Williamson', 'Qui quae corporis nesciunt voluptatibus ipsam quia. Praesentium consequatur sapiente nam aliquid. Commodi soluta architecto aliquam sunt quasi. Et iure vel velit aut quod sapiente. Est esse aspernatur tenetur non eos.', 0, '2018-09-12 14:25:35', '2018-09-12 14:25:35'),
(26, 30, 'Dr. Justyn Grimes I', 'Harum occaecati natus fugit est. Et alias quo aut et mollitia. Ut et laboriosam dolore eos eaque voluptate.', 4, '2018-09-12 14:25:35', '2018-09-12 14:25:35'),
(27, 16, 'Lily Lindgren', 'Inventore nihil repudiandae sint. Voluptas fuga ea sed soluta quis quia iusto. Ad quia laborum dicta rerum sint.', 5, '2018-09-12 14:25:35', '2018-09-12 14:25:35'),
(28, 84, 'Dean Schaden', 'Aperiam molestiae voluptatem quas sed quos ipsum est. Dolorem voluptas natus sequi modi dolores vero. Quia et aut non eos odit. Facilis suscipit suscipit est dolore odio et occaecati.', 4, '2018-09-12 14:25:35', '2018-09-12 14:25:35'),
(29, 75, 'Tatum McClure III', 'Totam enim harum perspiciatis voluptatem delectus quidem quos neque. Ea repellat sapiente ut consectetur voluptatum tenetur. Dolor ut ut sed ab in laboriosam excepturi. Fugit id quis omnis vero quia non atque.', 4, '2018-09-12 14:25:35', '2018-09-12 14:25:35'),
(30, 43, 'Mrs. Nicole Smitham III', 'Cupiditate nulla rem molestias sapiente et adipisci. A consequatur voluptatem molestiae et nisi aut et. Maxime cupiditate nobis consequatur odit labore.', 5, '2018-09-12 14:25:35', '2018-09-12 14:25:35'),
(31, 89, 'Noah Hoeger Sr.', 'Nesciunt asperiores esse incidunt deserunt placeat ab similique. Odio corrupti dolorum dolores suscipit necessitatibus recusandae. Deserunt quia officia et soluta commodi dolores quis.', 4, '2018-09-12 14:25:35', '2018-09-12 14:25:35'),
(32, 46, 'Liliane Schmidt', 'Suscipit sed amet nemo molestiae sit autem. Recusandae libero laudantium quod voluptas sequi qui unde dolore. Aliquid quo repellat consequatur soluta rem eaque.', 1, '2018-09-12 14:25:35', '2018-09-12 14:25:35'),
(33, 63, 'Fannie Shields', 'Iste error voluptatem facilis veritatis dolorem. Sint quia dolores sapiente sit eius ipsum. Omnis repellat aut et quasi atque quia quo. Modi nisi harum quis ipsa id quia.', 2, '2018-09-12 14:25:35', '2018-09-12 14:25:35'),
(34, 30, 'Alia Hauck Jr.', 'Ut magni non tempora itaque neque. Non dolorem consequatur similique ut neque. Rerum ducimus et nemo ut.', 2, '2018-09-12 14:25:35', '2018-09-12 14:25:35'),
(35, 58, 'Colin Turcotte II', 'Minus magnam itaque blanditiis sint quam dolor. Aspernatur et dolor aut necessitatibus iusto a. Dolorem animi impedit consequatur.', 5, '2018-09-12 14:25:35', '2018-09-12 14:25:35'),
(36, 67, 'Serena Littel', 'Ut eos est recusandae quidem quia dolores vel. Quia culpa et ut. Veritatis odio molestiae hic impedit sed voluptas.', 0, '2018-09-12 14:25:35', '2018-09-12 14:25:35'),
(37, 15, 'Charles Schiller', 'Libero temporibus recusandae tempore a reiciendis praesentium assumenda facere. Eos ratione nemo facere rerum. Quia accusantium maiores quos aliquid modi. Rerum eligendi odit voluptatem voluptatem.', 4, '2018-09-12 14:25:35', '2018-09-12 14:25:35'),
(38, 57, 'Dr. Charles Greenfelder DVM', 'Eligendi dolorem voluptatem facilis incidunt. Dignissimos aspernatur non illum.', 2, '2018-09-12 14:25:35', '2018-09-12 14:25:35'),
(39, 83, 'Hector Crooks III', 'Perspiciatis illum consequatur in. Consequatur rerum magni natus cumque et qui. Dolorem voluptate sequi mollitia magnam quaerat est. Vero consequatur suscipit eius ipsam ab.', 3, '2018-09-12 14:25:35', '2018-09-12 14:25:35'),
(40, 86, 'Miss Eleanora Ullrich', 'Consequatur et magni ab similique nemo inventore. Quis recusandae sed nemo sunt dolor et. Eum ex molestiae dolorum sit ut consequatur temporibus. Soluta vel non rerum non.', 0, '2018-09-12 14:25:35', '2018-09-12 14:25:35'),
(41, 93, 'Mrs. Antonette Jast II', 'Velit minus rerum provident quos modi velit. Laborum odit velit accusantium mollitia dolorem beatae qui. Labore mollitia rerum nesciunt nesciunt dolore.', 0, '2018-09-12 14:25:35', '2018-09-12 14:25:35'),
(42, 90, 'Darron Moen', 'Quo corporis omnis cum in. Nihil nisi sint excepturi deserunt facilis officia.', 2, '2018-09-12 14:25:35', '2018-09-12 14:25:35'),
(43, 65, 'Andre Windler', 'Qui qui fugit accusamus eum. Et nulla recusandae reiciendis minima officiis occaecati incidunt. Hic enim dicta aut. Alias sapiente qui qui sequi adipisci.', 0, '2018-09-12 14:25:35', '2018-09-12 14:25:35'),
(44, 16, 'Dr. Floy Corwin', 'Repellendus laborum ea dolor itaque maiores omnis repellat aperiam. Molestiae non aut earum quidem est. Ipsum architecto nihil cupiditate qui officia non magni.', 3, '2018-09-12 14:25:35', '2018-09-12 14:25:35'),
(45, 74, 'Gudrun Wunsch', 'Soluta ea consequuntur vel quod deleniti. Id aliquid eum neque incidunt eos provident. Eaque aut aliquam nisi quis beatae suscipit. Deleniti doloremque necessitatibus vel consequatur.', 5, '2018-09-12 14:25:35', '2018-09-12 14:25:35'),
(46, 60, 'Paxton Morar DDS', 'Error porro alias occaecati eum pariatur. Architecto sed iure aut tempore inventore autem unde. Laborum ratione sit corrupti voluptas vel assumenda.', 1, '2018-09-12 14:25:35', '2018-09-12 14:25:35'),
(47, 18, 'Skyla Koepp', 'Nam quidem repellat quasi id praesentium fuga doloremque. Laborum blanditiis est ducimus rem molestiae nostrum. Laudantium itaque in sit consequuntur error.', 3, '2018-09-12 14:25:35', '2018-09-12 14:25:35'),
(48, 85, 'Jarrell Quigley III', 'Nostrum tempore culpa pariatur nihil praesentium debitis cum. Nostrum dolores et ducimus quis voluptatem. Esse ea quis quisquam doloremque aut hic. Recusandae fugiat voluptate ad.', 0, '2018-09-12 14:25:36', '2018-09-12 14:25:36'),
(49, 53, 'Luigi Jakubowski', 'Possimus quia dolorum sapiente consequatur assumenda ut adipisci. Est est dolore laudantium est sit nihil exercitationem sit. Natus quis quia fugiat. Omnis odit tenetur harum omnis dicta quaerat quaerat.', 5, '2018-09-12 14:25:36', '2018-09-12 14:25:36'),
(50, 7, 'Annie Schinner', 'Nulla optio minima iure dolorum illum ullam ut tenetur. Nesciunt iste sequi neque est ducimus eius architecto. Ratione dolorum ipsa tempora ullam rem nulla consectetur id.', 3, '2018-09-12 14:25:36', '2018-09-12 14:25:36'),
(51, 95, 'Macie Lehner', 'Ullam et provident officia mollitia. Tempore tempore quam maiores consectetur amet. Voluptas quo culpa fugit in eveniet delectus. Aut soluta tempore aperiam voluptatem veniam nobis. Magnam impedit et nesciunt laborum placeat maxime ut soluta.', 5, '2018-09-12 14:25:36', '2018-09-12 14:25:36'),
(52, 77, 'Vladimir Leuschke', 'Numquam ut sed harum sapiente incidunt nostrum optio. Ut aliquam ducimus voluptates voluptatum. Aspernatur rerum qui quaerat consectetur et ratione. Ullam voluptatem odit voluptas voluptatibus.', 4, '2018-09-12 14:25:36', '2018-09-12 14:25:36'),
(53, 47, 'Arianna Schumm', 'Inventore aut corporis voluptatibus quaerat quo rerum et. Explicabo itaque quia molestiae delectus. Facilis adipisci occaecati iure eum dolore sit ea. Sapiente magni unde fugiat adipisci commodi. Impedit voluptatem id est rem omnis praesentium.', 2, '2018-09-12 14:25:36', '2018-09-12 14:25:36'),
(54, 11, 'Angelica Franecki', 'Numquam neque vero quam esse non eaque nulla. Possimus exercitationem dicta vero tempora. Porro pariatur molestias ut et et sed. Est autem molestias incidunt qui et esse enim.', 1, '2018-09-12 14:25:36', '2018-09-12 14:25:36'),
(55, 39, 'Mr. Johathan Rutherford DDS', 'Voluptas in dolor eligendi et. Tempora nisi iste sed consequuntur. Illo ut nulla qui porro quaerat quidem in.', 4, '2018-09-12 14:25:36', '2018-09-12 14:25:36'),
(56, 91, 'Samir Marvin', 'Quia veritatis voluptatibus et ipsum explicabo dignissimos. Itaque sequi totam voluptates officia et. Eaque sapiente a voluptas consequuntur recusandae. Mollitia non voluptas et.', 5, '2018-09-12 14:25:36', '2018-09-12 14:25:36'),
(57, 66, 'Judy Torphy', 'At possimus voluptatem est id et natus asperiores velit. Sint officia inventore recusandae nam. Libero est voluptate facilis.', 1, '2018-09-12 14:25:36', '2018-09-12 14:25:36'),
(58, 47, 'Miss Brandyn Bauch Sr.', 'Distinctio consequuntur natus quisquam vel quasi. Inventore amet aliquid dolor nam facere temporibus dignissimos. Sapiente sed quo ducimus mollitia et possimus et.', 0, '2018-09-12 14:25:36', '2018-09-12 14:25:36'),
(59, 8, 'Mr. Orlo Hammes Sr.', 'Dolor aspernatur possimus nisi autem rerum delectus voluptatibus. Et iste facere repudiandae et omnis atque. Voluptatem quas velit aliquid est.', 2, '2018-09-12 14:25:36', '2018-09-12 14:25:36'),
(60, 43, 'Maiya Moen', 'Pariatur fuga veritatis deserunt voluptate nihil animi. Et at dicta in quaerat enim libero. Et rerum impedit officiis sequi dolor delectus impedit est.', 0, '2018-09-12 14:25:36', '2018-09-12 14:25:36'),
(61, 41, 'Deborah O\'Kon', 'Ipsa veniam tempora eligendi dolor ut aut laudantium. Pariatur nam deleniti aperiam quasi voluptatem.', 4, '2018-09-12 14:25:36', '2018-09-12 14:25:36'),
(62, 74, 'Dr. Pasquale Aufderhar', 'Natus odit dolores magni qui nam nostrum. Dolores qui reprehenderit ut ut et repellendus. Excepturi at quas sed nemo corporis ipsa provident. Itaque quasi quis cupiditate occaecati saepe molestias minus consequuntur.', 1, '2018-09-12 14:25:36', '2018-09-12 14:25:36'),
(63, 4, 'Lorine Beer', 'Esse molestiae rerum ut sunt. Totam neque eum ratione. Autem possimus sunt recusandae nihil. Iusto reprehenderit quia error ut.', 5, '2018-09-12 14:25:36', '2018-09-12 14:25:36'),
(64, 6, 'Prof. Dedrick Toy III', 'Delectus et adipisci ab dignissimos velit sunt qui illum. Explicabo atque sint qui impedit vel. Iste qui totam voluptas et ad. Sed quod reiciendis dolorem alias iste.', 2, '2018-09-12 14:25:36', '2018-09-12 14:25:36'),
(65, 7, 'Hester Dickens MD', 'Inventore temporibus quidem veritatis ullam eligendi repellat sed. Quia impedit dignissimos voluptates inventore. Et cumque qui a unde dolorum.', 2, '2018-09-12 14:25:36', '2018-09-12 14:25:36'),
(66, 31, 'Zechariah Kutch', 'Qui sunt et consequatur pariatur. Repellendus quos suscipit culpa atque sunt. Ducimus reprehenderit aliquam eum impedit.', 0, '2018-09-12 14:25:36', '2018-09-12 14:25:36'),
(67, 77, 'Dayana Cruickshank', 'Molestiae veritatis sint nobis pariatur. Voluptatem id quia quae illum cupiditate assumenda. Ad harum ratione molestiae aut recusandae quo.', 5, '2018-09-12 14:25:36', '2018-09-12 14:25:36'),
(68, 52, 'Prof. Aida Breitenberg MD', 'Sint et nesciunt dolores placeat eos explicabo dolor. Id id ut aut eveniet. Molestiae occaecati qui unde sunt adipisci sit.', 0, '2018-09-12 14:25:36', '2018-09-12 14:25:36'),
(69, 59, 'Ofelia Nitzsche', 'Tempore beatae placeat molestiae. Et quo aliquid dolores aut sint cupiditate culpa. At numquam quis adipisci vel dolor ratione.', 2, '2018-09-12 14:25:36', '2018-09-12 14:25:36'),
(70, 50, 'Sibyl Roberts DDS', 'Est est temporibus sint rerum laborum ea. Debitis enim voluptas recusandae. Cumque voluptatibus facere qui aut minima autem. Deserunt omnis suscipit assumenda et quibusdam aut.', 0, '2018-09-12 14:25:36', '2018-09-12 14:25:36'),
(71, 53, 'Prof. Hassie Marks III', 'Minus nihil et occaecati nobis dolorem saepe nostrum. Sit at velit debitis rerum itaque iure. Cum commodi atque aperiam ut maiores enim nostrum. Nesciunt optio consequuntur natus ut sit inventore aut.', 1, '2018-09-12 14:25:36', '2018-09-12 14:25:36'),
(72, 93, 'Prof. Aubree Kreiger III', 'Eaque neque delectus corrupti quo corporis minima. Molestiae dolores ea officiis itaque qui distinctio voluptatem. Consectetur eum eius nihil et aut ex hic. Nulla enim ipsa natus maiores nisi quam. Eveniet saepe doloremque quia quisquam earum sint.', 4, '2018-09-12 14:25:36', '2018-09-12 14:25:36'),
(73, 78, 'Mr. Gilberto Torphy', 'Quia explicabo suscipit quo autem laborum est facilis. Eos error dolor ea fuga. Magni quia eum hic dolor dolorem incidunt.', 2, '2018-09-12 14:25:36', '2018-09-12 14:25:36'),
(74, 32, 'Shania Pfeffer', 'Et non vel voluptas quis. Earum eum accusamus necessitatibus officia. Optio esse ut maiores omnis. Aut provident pariatur ea quasi dolores aliquam.', 2, '2018-09-12 14:25:36', '2018-09-12 14:25:36'),
(75, 87, 'Mr. Werner Cruickshank', 'Et sunt placeat reprehenderit sed optio autem qui. Iste quam laudantium nihil et necessitatibus atque dolorem. Nisi nostrum et vitae nulla dolor beatae.', 4, '2018-09-12 14:25:36', '2018-09-12 14:25:36'),
(76, 90, 'Miss Vita Labadie', 'Ducimus et culpa vero pariatur qui ut ut. Earum exercitationem accusamus sapiente voluptates sit. Et autem dolorem voluptates reiciendis vel doloribus quia.', 5, '2018-09-12 14:25:36', '2018-09-12 14:25:36'),
(77, 32, 'Dr. Claudine Considine', 'Quia dolore qui aut nulla qui voluptas. Voluptates a sit optio quia amet. Et dicta voluptatem sed suscipit est minima odit.', 3, '2018-09-12 14:25:36', '2018-09-12 14:25:36'),
(78, 95, 'Jane Kling III', 'Temporibus dolorem hic ab eos ipsum ratione sed quaerat. Unde suscipit voluptate eos facere nihil laboriosam. Earum minus tempora distinctio id velit laboriosam sequi. Autem sed facilis mollitia fuga.', 4, '2018-09-12 14:25:36', '2018-09-12 14:25:36'),
(79, 23, 'Prof. Oma Marquardt V', 'Necessitatibus magni sit perspiciatis cumque blanditiis odio. Illum dolores aut quos iusto fugit enim. Provident itaque earum fugit.', 0, '2018-09-12 14:25:36', '2018-09-12 14:25:36'),
(80, 36, 'Tremayne Rutherford', 'Molestiae libero in est quos voluptatem. Quia vel aperiam dignissimos quibusdam. Assumenda sed tempora ut natus animi eaque hic quas.', 4, '2018-09-12 14:25:36', '2018-09-12 14:25:36'),
(81, 49, 'Mr. Estevan Herzog', 'Ab temporibus dignissimos aut soluta. Suscipit quasi iure in velit tempora asperiores. Est omnis vel ut totam neque ipsum repellendus.', 1, '2018-09-12 14:25:36', '2018-09-12 14:25:36'),
(82, 74, 'Shania Reinger I', 'Velit aliquam quos quibusdam sint ad dolorem omnis. Non illo vel aut qui. Sunt molestiae minima sed sed repudiandae optio autem. Labore commodi sit beatae rerum.', 4, '2018-09-12 14:25:36', '2018-09-12 14:25:36'),
(83, 29, 'Mrs. Camylle Willms DDS', 'In qui aliquid deleniti maxime est molestiae exercitationem. Error commodi minus et corporis ut. Dolor et est tempore velit.', 3, '2018-09-12 14:25:36', '2018-09-12 14:25:36'),
(84, 86, 'Theron Walsh Sr.', 'Fugiat ex cupiditate ab. Id vel rerum est ullam. Praesentium velit eius quas natus at omnis beatae. Dolorum non cumque et itaque sequi.', 0, '2018-09-12 14:25:36', '2018-09-12 14:25:36'),
(85, 8, 'Florida Goodwin', 'Distinctio et magni quia alias deleniti dolorem. Est qui aspernatur quo cumque recusandae repellat sunt. Ducimus enim quaerat nostrum voluptatem.', 4, '2018-09-12 14:25:36', '2018-09-12 14:25:36'),
(86, 30, 'Zula Pacocha', 'Sed quibusdam ducimus enim culpa quam. Omnis voluptatem quo quam voluptatem. Aliquam ratione autem omnis dolore exercitationem.', 1, '2018-09-12 14:25:36', '2018-09-12 14:25:36'),
(87, 7, 'Prof. Nicolas Lowe', 'Ab occaecati sit et deserunt. Repellendus fugit repellat ut neque corrupti non exercitationem. Est rerum dolorum dolor cupiditate ea quo voluptatibus.', 4, '2018-09-12 14:25:37', '2018-09-12 14:25:37'),
(88, 44, 'Erling Turner', 'Doloremque est tempora voluptatibus. Nobis rerum facere eos natus. Ipsam nisi ut non soluta nesciunt.', 1, '2018-09-12 14:25:37', '2018-09-12 14:25:37'),
(89, 42, 'Prof. Raina Schroeder Jr.', 'Sit blanditiis error nobis eum possimus. Recusandae molestiae porro dolores tempora. Consectetur ut sit architecto officiis similique. Consectetur deserunt iure deleniti voluptatem quasi maiores quia.', 0, '2018-09-12 14:25:37', '2018-09-12 14:25:37'),
(90, 85, 'Ayden Feil', 'Est accusamus exercitationem ut dolor. Sunt voluptatem quos omnis reiciendis. Quia illo velit sit non possimus consectetur. Omnis fugiat pariatur asperiores est animi.', 5, '2018-09-12 14:25:37', '2018-09-12 14:25:37'),
(91, 10, 'Laila Wuckert', 'Ut nesciunt et earum impedit est eum consectetur. Vel optio dolorum quo vel. Dicta ut explicabo earum ut quasi et. Aut et vel et et cumque consequatur numquam perspiciatis.', 4, '2018-09-12 14:25:37', '2018-09-12 14:25:37'),
(92, 99, 'Ms. Piper Metz', 'Aut nulla ab eum perferendis. Reprehenderit aut perspiciatis deserunt illo culpa reprehenderit non.', 3, '2018-09-12 14:25:37', '2018-09-12 14:25:37'),
(93, 6, 'Miss Madie Torphy II', 'Accusamus commodi et numquam consequuntur vel illum in. Voluptas nisi blanditiis aspernatur et aspernatur aut.', 2, '2018-09-12 14:25:37', '2018-09-12 14:25:37'),
(94, 34, 'Elisha Mertz', 'Sint vero corrupti eos quam. Maiores dolores dolores tempore ea repudiandae id. Asperiores dolor veritatis placeat et officiis hic.', 2, '2018-09-12 14:25:37', '2018-09-12 14:25:37'),
(95, 71, 'Gustave D\'Amore MD', 'Enim placeat sed aliquid illum voluptate. Quam corrupti et sequi suscipit incidunt fugit dolorem officia. Totam quisquam ut rem.', 0, '2018-09-12 14:25:37', '2018-09-12 14:25:37'),
(96, 77, 'Elton Terry', 'Cumque magnam temporibus quo sit. Perferendis necessitatibus a voluptas molestiae quasi fugit voluptatem. Ab odit quidem quasi est qui. Recusandae distinctio dolorum incidunt id esse assumenda vero veniam.', 3, '2018-09-12 14:25:37', '2018-09-12 14:25:37'),
(97, 74, 'Prof. Issac Tremblay Sr.', 'Et magnam omnis aliquam earum cupiditate asperiores. Et deleniti rerum omnis voluptas ipsa praesentium aut. Animi ea tenetur nesciunt quidem inventore iure.', 3, '2018-09-12 14:25:37', '2018-09-12 14:25:37'),
(98, 3, 'Yvonne Hagenes', 'Consequatur facilis ad inventore consequatur et qui nesciunt voluptas. Quod eum ea autem ut.', 4, '2018-09-12 14:25:37', '2018-09-12 14:25:37'),
(99, 1, 'Arely Gaylord', 'Illo perferendis ex consectetur est. Et omnis et aliquam et eum. Accusantium sit pariatur qui voluptas enim. Nemo ut omnis ipsa qui laboriosam blanditiis et.', 1, '2018-09-12 14:25:37', '2018-09-12 14:25:37'),
(100, 55, 'Glenda Hintz', 'Officiis voluptas molestiae odio dicta blanditiis eaque suscipit. Rerum quisquam officia soluta ea qui quod. Omnis repudiandae explicabo necessitatibus ut consequatur dolores commodi. Aut dolore perferendis officiis nihil inventore dicta dolores. Aperiam ut est sit praesentium saepe id sapiente consectetur.', 0, '2018-09-12 14:25:37', '2018-09-12 14:25:37'),
(101, 80, 'Bo Barrows', 'Ut perspiciatis beatae ipsa repudiandae repudiandae molestias omnis blanditiis. Ut voluptatem et placeat. Eaque est quod optio suscipit et cupiditate. Ut incidunt voluptatem voluptatibus nemo est.', 2, '2018-09-12 14:25:37', '2018-09-12 14:25:37'),
(102, 52, 'Alfredo Armstrong', 'Labore voluptates omnis rerum. Deserunt est quia asperiores omnis. In suscipit quam sed doloremque itaque. Voluptas rem nobis quia facere magnam ab.', 0, '2018-09-12 14:25:37', '2018-09-12 14:25:37'),
(103, 44, 'Kavon Conn', 'Eveniet mollitia ipsam et iste consectetur rerum. Ea numquam soluta qui facere facere. Aut harum quo est quis consequatur. Aut non laboriosam sint commodi suscipit.', 5, '2018-09-12 14:25:37', '2018-09-12 14:25:37'),
(104, 58, 'Dr. Maximus Cormier IV', 'Maxime consequuntur accusantium ipsum. Dolores numquam est consequuntur. Id eveniet repudiandae error. Autem optio esse voluptas provident ab sed aliquam.', 1, '2018-09-12 14:25:37', '2018-09-12 14:25:37'),
(105, 41, 'Hailee Hand', 'Similique eos sed quam perspiciatis ab nesciunt voluptas. Temporibus velit eum eaque sequi nihil est. Fugiat reprehenderit illo rerum explicabo saepe asperiores. Reiciendis nihil enim assumenda blanditiis.', 4, '2018-09-12 14:25:37', '2018-09-12 14:25:37'),
(106, 70, 'Chanelle Maggio', 'Quibusdam provident dolorem laudantium debitis in animi. Minima vel suscipit autem omnis non excepturi. Qui explicabo tenetur sequi quia qui labore.', 3, '2018-09-12 14:25:37', '2018-09-12 14:25:37'),
(107, 48, 'Miss Mafalda Hills', 'Ipsam at eveniet facilis adipisci consequatur deserunt quia voluptatem. Tenetur distinctio rerum vel nemo consequatur nisi. Occaecati id ut sunt ducimus.', 0, '2018-09-12 14:25:37', '2018-09-12 14:25:37'),
(108, 87, 'Vincenzo Mertz III', 'Est quia nam autem fugit tempore. Quia et aut molestias impedit cumque voluptatem. Vitae est itaque nisi consequuntur omnis hic dolorem. Sint odit est blanditiis ipsam provident.', 3, '2018-09-12 14:25:37', '2018-09-12 14:25:37'),
(109, 1, 'Floy Hilpert', 'Ut distinctio minus delectus libero facilis soluta repellat. Temporibus ab voluptas perferendis. Ad eaque possimus autem. Ut fugiat amet molestias culpa.', 1, '2018-09-12 14:25:37', '2018-09-12 14:25:37'),
(110, 24, 'Dr. Moises Strosin', 'Rerum repellendus rem laborum alias sunt delectus animi voluptatem. Quis voluptates cumque ut debitis architecto. Esse aperiam sunt nisi aut.', 2, '2018-09-12 14:25:37', '2018-09-12 14:25:37'),
(111, 6, 'Laurel Hahn', 'Doloremque quam voluptatem aut dignissimos. Voluptas enim voluptatem nihil vel non alias vero. Expedita cum et ipsa nobis quae. Quia quia hic vel numquam vel.', 1, '2018-09-12 14:25:37', '2018-09-12 14:25:37'),
(112, 19, 'Horacio Abshire', 'Temporibus necessitatibus sed voluptas. Temporibus sed sapiente quia debitis. Aut libero porro qui quaerat voluptatibus harum.', 5, '2018-09-12 14:25:37', '2018-09-12 14:25:37'),
(113, 18, 'Harrison Effertz', 'Veniam non sequi omnis dolores velit. Quos dolores veritatis sed hic explicabo. Et assumenda sint voluptatem eligendi sit similique. Natus aliquam sequi assumenda a similique enim illum explicabo.', 1, '2018-09-12 14:25:37', '2018-09-12 14:25:37'),
(114, 18, 'Carmen Anderson', 'Commodi dolore consequatur velit illum pariatur ut deserunt odit. Exercitationem est et optio voluptate.', 2, '2018-09-12 14:25:37', '2018-09-12 14:25:37'),
(115, 71, 'Crawford Funk', 'Nulla perferendis repellat non. Doloremque rem ducimus corporis mollitia numquam. Placeat sed accusamus perspiciatis voluptas. Aliquam sapiente eos quas libero est ea.', 5, '2018-09-12 14:25:37', '2018-09-12 14:25:37'),
(116, 15, 'Jaiden Schulist DVM', 'Non at maxime delectus itaque ut tempora quia ut. Molestiae quos molestiae consequatur quia et quis.', 2, '2018-09-12 14:25:37', '2018-09-12 14:25:37'),
(117, 65, 'Doris Considine', 'Eveniet et autem aut provident at dolor. Explicabo quod porro ipsam exercitationem qui. Natus rerum occaecati quod veniam voluptate.', 1, '2018-09-12 14:25:37', '2018-09-12 14:25:37'),
(118, 74, 'Anabel Schaden', 'Aperiam harum consequatur omnis velit dignissimos. Eveniet cumque qui qui tempore facilis itaque doloribus nemo. Sit ratione consequatur voluptatem.', 1, '2018-09-12 14:25:37', '2018-09-12 14:25:37'),
(119, 17, 'Josefina Koch', 'Mollitia dicta beatae sunt libero voluptas. Harum in architecto sint. Et eligendi aspernatur voluptatem voluptatibus hic molestias quibusdam. Esse reprehenderit expedita est neque. Ea corrupti doloremque odit officia.', 0, '2018-09-12 14:25:37', '2018-09-12 14:25:37'),
(120, 34, 'Beryl Torp Sr.', 'Eius praesentium delectus tempore maxime est a eos qui. Temporibus animi dignissimos porro dolore modi placeat doloribus. Ut dolores sit natus a id. Laudantium sed qui voluptas est et velit. Debitis mollitia quia iure eum soluta delectus quia.', 4, '2018-09-12 14:25:37', '2018-09-12 14:25:37'),
(121, 25, 'Eden Cormier III', 'Velit qui est at et natus. Eos voluptatibus sunt repudiandae quia ipsam dolore mollitia. Voluptas repudiandae itaque nisi rerum aut autem.', 2, '2018-09-12 14:25:37', '2018-09-12 14:25:37'),
(122, 73, 'Oda Langosh', 'Et dolores accusantium et modi illo nihil. Molestias reprehenderit vitae et est quia. Rerum rerum sit consequatur rerum in impedit et. Aut est quibusdam sed.', 2, '2018-09-12 14:25:37', '2018-09-12 14:25:37'),
(123, 48, 'Oleta Bins', 'Esse accusamus corporis reiciendis repellendus sed in. Quam nesciunt earum deserunt qui laudantium.', 2, '2018-09-12 14:25:37', '2018-09-12 14:25:37'),
(124, 85, 'Dr. Eva Thompson', 'Ea sed similique modi eum non aut. Est earum alias nam et dolores cum.', 3, '2018-09-12 14:25:38', '2018-09-12 14:25:38'),
(125, 10, 'Mrs. June Haley', 'Laborum possimus iste aut dicta quaerat. Quae consequuntur quaerat rem quia eum libero possimus. Et ut quibusdam natus esse consequuntur totam. Pariatur qui libero ut et velit.', 0, '2018-09-12 14:25:38', '2018-09-12 14:25:38'),
(126, 26, 'Eliza Parisian', 'Ex nesciunt architecto possimus mollitia ipsa laudantium et ea. Quam quae et sit.', 3, '2018-09-12 14:25:38', '2018-09-12 14:25:38'),
(127, 75, 'Ella Muller', 'Autem iure optio debitis dolorem quas impedit consequatur nostrum. Et minus iure laborum sed in distinctio.', 2, '2018-09-12 14:25:38', '2018-09-12 14:25:38'),
(128, 71, 'Mr. Elmore Bogan', 'Numquam dolorum praesentium dignissimos earum praesentium. Omnis veniam placeat et. Voluptates molestias adipisci voluptate cum. Consequuntur sed consequatur quo voluptatem ea vero accusantium.', 3, '2018-09-12 14:25:38', '2018-09-12 14:25:38'),
(129, 37, 'Mozelle Bogan', 'Autem aliquam voluptate temporibus rerum aliquam ut. Explicabo ipsam modi et ex in. Voluptatum corporis maxime accusantium placeat aliquid earum eum. Aut et dolore quam nisi.', 4, '2018-09-12 14:25:38', '2018-09-12 14:25:38'),
(130, 86, 'Ms. Anahi Wintheiser', 'Non accusantium asperiores laborum perspiciatis nemo. Illo laboriosam nulla laboriosam qui accusamus. Ut consequuntur repudiandae et vero rerum incidunt.', 3, '2018-09-12 14:25:38', '2018-09-12 14:25:38'),
(131, 98, 'Donavon Rippin', 'Est vel rerum beatae debitis esse. Consequatur deleniti consequatur incidunt consequatur in. Sequi ut qui expedita hic eveniet aut. Quo incidunt cum quidem commodi eos quisquam.', 0, '2018-09-12 14:25:38', '2018-09-12 14:25:38'),
(132, 100, 'Mr. Lenny Bednar', 'Est quis itaque modi eveniet. Sed labore cupiditate est placeat. Adipisci tempore iste iusto iusto et tempore quo. Tenetur harum ex ut occaecati voluptate sit dicta.', 3, '2018-09-12 14:25:38', '2018-09-12 14:25:38'),
(133, 44, 'Gage Thiel Sr.', 'Consequatur et itaque voluptatem. Rerum distinctio amet mollitia ut qui. Sit impedit occaecati magnam inventore.', 3, '2018-09-12 14:25:38', '2018-09-12 14:25:38'),
(134, 68, 'Janet Crist', 'Libero magnam sit et occaecati vel. Molestiae et vitae similique non. Et aut nihil unde cupiditate.', 2, '2018-09-12 14:25:38', '2018-09-12 14:25:38'),
(135, 73, 'Cullen Stehr III', 'Nesciunt ut rem quibusdam atque sunt sint. Sed modi quae et ratione excepturi molestiae reprehenderit. Exercitationem saepe nulla sed eos doloribus accusantium.', 0, '2018-09-12 14:25:38', '2018-09-12 14:25:38'),
(136, 45, 'Dr. Jake Cartwright MD', 'Impedit facilis voluptas exercitationem qui nobis asperiores. Excepturi laudantium libero sunt ipsam. Quidem recusandae qui et quas corporis voluptatibus. Fugiat harum architecto et qui est dolores quaerat omnis.', 3, '2018-09-12 14:25:38', '2018-09-12 14:25:38'),
(137, 56, 'Hope Jast', 'Nemo at et maxime illum amet eos et. Dolorem laboriosam est aut a ducimus ducimus. Excepturi ratione non ab quas quo. Saepe nobis eos debitis et dolor eius nesciunt.', 3, '2018-09-12 14:25:38', '2018-09-12 14:25:38'),
(138, 86, 'Emmy Gislason', 'Autem sunt neque similique quia incidunt id. Dolores rerum nostrum quae quis praesentium voluptas.', 2, '2018-09-12 14:25:38', '2018-09-12 14:25:38'),
(139, 74, 'Kavon Koepp', 'Porro reprehenderit accusamus quia. Ipsa doloremque maxime nobis velit aperiam. Molestiae recusandae accusamus et aperiam veritatis quia laudantium. Qui id eum rem enim.', 5, '2018-09-12 14:25:38', '2018-09-12 14:25:38'),
(140, 3, 'Richie Okuneva', 'Sapiente sit ducimus exercitationem facilis. Alias veniam reiciendis et. Laboriosam ea odio distinctio voluptas facere eum. Error iste vel repellat aut dolores et.', 5, '2018-09-12 14:25:38', '2018-09-12 14:25:38'),
(141, 52, 'Shany Funk', 'Perferendis vel omnis deleniti. Et quo culpa omnis possimus eveniet. Quis aliquid sit nihil tenetur aspernatur. Ut ea voluptatem est qui odit expedita.', 5, '2018-09-12 14:25:38', '2018-09-12 14:25:38'),
(142, 47, 'Myriam Mraz', 'Voluptates laboriosam porro velit voluptas pariatur ea nam ipsum. Praesentium doloribus architecto dolores eveniet sed assumenda. Illum nisi non doloremque vel consequatur ut quia excepturi.', 4, '2018-09-12 14:25:38', '2018-09-12 14:25:38'),
(143, 22, 'Rey Littel', 'Voluptatem odio ut illum laborum sint inventore non. Nihil id voluptatem aspernatur fuga aut qui. Ut esse sed consequatur rem dolorum provident non.', 4, '2018-09-12 14:25:38', '2018-09-12 14:25:38'),
(144, 1, 'Anais Kozey III', 'Neque quia reprehenderit est sint eaque fuga. Reprehenderit architecto cum vitae eaque non et. Possimus aperiam voluptatem voluptatum. Voluptate dignissimos rerum fugiat qui aliquam nihil.', 0, '2018-09-12 14:25:38', '2018-09-12 14:25:38'),
(145, 11, 'Brian Crona II', 'Dolor sunt earum dolores non magnam consectetur molestias aut. Adipisci autem deserunt accusamus blanditiis earum. Consectetur blanditiis in est optio. Assumenda harum est adipisci rerum error at.', 1, '2018-09-12 14:25:38', '2018-09-12 14:25:38'),
(146, 30, 'Beverly Sawayn', 'Dolores quas non dolores qui nisi eligendi. Temporibus culpa eum sunt consequuntur eveniet ea error. Id minus suscipit ut blanditiis facilis.', 4, '2018-09-12 14:25:38', '2018-09-12 14:25:38'),
(147, 23, 'Lillian Botsford IV', 'Nobis sunt aut optio voluptates maiores. Et deleniti atque accusantium quia non. Et harum excepturi distinctio in quo.', 2, '2018-09-12 14:25:38', '2018-09-12 14:25:38'),
(148, 41, 'Jaleel Gerlach', 'Doloribus dolor atque quae non. Odio consequuntur et autem. Modi qui dolor sint eum sapiente culpa at. Minima exercitationem minima doloribus aut quas provident.', 4, '2018-09-12 14:25:38', '2018-09-12 14:25:38'),
(149, 72, 'Ed Yost', 'Quo quae doloribus numquam at rerum. Esse quasi consequuntur id velit maxime reiciendis soluta. Debitis omnis sed dolor maiores. Laboriosam non libero ut ut nobis excepturi eos.', 0, '2018-09-12 14:25:38', '2018-09-12 14:25:38'),
(150, 49, 'Arvid Christiansen', 'Necessitatibus veniam dolorum aliquam explicabo aut rerum. Eos earum error dolorem sed animi impedit nisi. Omnis nostrum quia amet earum in et dolorem.', 0, '2018-09-12 14:25:38', '2018-09-12 14:25:38'),
(151, 65, 'Mrs. Adela Okuneva', 'Voluptate reprehenderit vitae quis odit aut. Suscipit quia ex voluptas libero dolorum reiciendis. Et et ea unde eaque.', 4, '2018-09-12 14:25:38', '2018-09-12 14:25:38'),
(152, 56, 'Bertha Stark', 'Qui laudantium numquam deserunt nihil ut sint quaerat vero. Inventore sit quis nemo atque ducimus quos a necessitatibus. Ut sint autem accusamus et dolor perspiciatis atque. Laboriosam libero dolore at aperiam.', 2, '2018-09-12 14:25:38', '2018-09-12 14:25:38'),
(153, 95, 'Kaitlin Hermiston', 'Dolores non reiciendis ducimus quibusdam minima. Corrupti nemo nostrum impedit. Quo sunt rerum impedit odio explicabo tempora et. Quas tenetur animi id enim sint ipsa ut. Enim voluptas a qui aspernatur.', 3, '2018-09-12 14:25:38', '2018-09-12 14:25:38'),
(154, 16, 'Hayley Bernhard', 'Ducimus at veritatis velit magnam. Voluptatem rerum rerum molestiae voluptate fuga laboriosam aspernatur. Sapiente repellat soluta laudantium. Dolorum autem voluptatibus modi magnam nesciunt.', 5, '2018-09-12 14:25:38', '2018-09-12 14:25:38'),
(155, 60, 'Prof. Chadd Kautzer II', 'Optio deserunt dolores omnis doloribus voluptate voluptatem ratione. Ut laborum recusandae nulla qui deleniti dolorum. Modi neque eius quidem et eaque ea facere.', 5, '2018-09-12 14:25:38', '2018-09-12 14:25:38'),
(156, 50, 'Mrs. Tressie Kulas', 'Porro amet eum aut autem. Ea assumenda et quas eligendi amet. Et et numquam est consectetur natus qui. Hic et labore cupiditate rerum odit. Nam sint tempora repellendus provident.', 1, '2018-09-12 14:25:38', '2018-09-12 14:25:38'),
(157, 73, 'Mario Kemmer', 'Sed et qui commodi et ea non. Aut repellat temporibus iusto voluptatibus sapiente enim.', 3, '2018-09-12 14:25:38', '2018-09-12 14:25:38'),
(158, 72, 'Bryon Kuphal', 'Tempora non similique nemo ipsam pariatur dolorem. Nesciunt modi dolore voluptas fugit accusantium possimus. Eum et consequatur qui impedit ea sed incidunt fuga.', 3, '2018-09-12 14:25:38', '2018-09-12 14:25:38'),
(159, 52, 'Okey Weissnat IV', 'Vitae illo occaecati deserunt vitae dicta. Modi aperiam voluptatum dolore mollitia. Asperiores rerum illum quod molestiae vel non qui. Et et possimus voluptatem est soluta. Repudiandae dolores minima est cum eligendi voluptas.', 1, '2018-09-12 14:25:38', '2018-09-12 14:25:38'),
(160, 71, 'Reilly Wolff', 'Optio nulla delectus molestiae ut aperiam reiciendis earum. Ducimus iste quia nihil quae qui eligendi qui. Consequatur nemo ut cumque suscipit.', 4, '2018-09-12 14:25:38', '2018-09-12 14:25:38'),
(161, 50, 'Mr. Garfield Shanahan', 'Repellendus ut atque aliquid qui reprehenderit inventore. Sunt deleniti cumque et tenetur eaque adipisci. Velit tempora neque numquam dolor autem officiis debitis est.', 5, '2018-09-12 14:25:38', '2018-09-12 14:25:38'),
(162, 97, 'Lillie Oberbrunner', 'Ut dolor repudiandae quo vel aut reprehenderit exercitationem. Voluptas quia aperiam labore et eum quas ullam. Dolores consectetur veniam ratione ipsam itaque quisquam. Inventore excepturi velit aut vitae qui et vero.', 5, '2018-09-12 14:25:39', '2018-09-12 14:25:39'),
(163, 31, 'Adriana Mueller II', 'Officia suscipit iure est eum. Labore id optio iusto id repudiandae.', 1, '2018-09-12 14:25:39', '2018-09-12 14:25:39'),
(164, 65, 'Dr. Erin Durgan', 'Quidem expedita eos voluptas voluptatem. Tenetur est sapiente modi. Sapiente expedita et quis distinctio suscipit est perferendis. Autem culpa dolor praesentium deserunt necessitatibus sit corrupti.', 4, '2018-09-12 14:25:39', '2018-09-12 14:25:39'),
(165, 84, 'Chelsea Balistreri', 'Possimus voluptatem quia non enim est. Qui qui impedit accusamus in molestiae. Et odio quidem quo at facilis aut veritatis. Esse neque expedita nemo quisquam soluta. Sit voluptates sapiente facere eum ut similique.', 4, '2018-09-12 14:25:39', '2018-09-12 14:25:39'),
(166, 9, 'Dr. Gwen Cremin', 'Inventore a harum provident mollitia autem nihil et. Quod veritatis atque error repudiandae ut quo repellendus maxime. Eveniet laboriosam aliquid qui qui sint accusamus est. Deleniti sed id qui officia velit.', 2, '2018-09-12 14:25:39', '2018-09-12 14:25:39'),
(167, 96, 'Jeffrey Weber', 'Corporis voluptatem aperiam et sit ut. Accusamus voluptatem quae facilis repellendus quaerat. Possimus nulla delectus veniam aut ea omnis.', 0, '2018-09-12 14:25:39', '2018-09-12 14:25:39'),
(168, 87, 'Daniela Friesen', 'Atque voluptas expedita quo et. Aliquid asperiores aperiam voluptatem incidunt quos ratione. Inventore atque laudantium omnis adipisci aut quasi corrupti.', 0, '2018-09-12 14:25:39', '2018-09-12 14:25:39'),
(169, 25, 'Dejon Wisoky', 'Officiis ut enim architecto dolorem quisquam fugiat. Expedita consequuntur porro accusamus vel. Et quia aut unde et.', 4, '2018-09-12 14:25:39', '2018-09-12 14:25:39'),
(170, 42, 'Geo Willms', 'Alias architecto reiciendis velit reprehenderit accusantium dolorum ut. Perferendis aliquid dicta aliquam. Sapiente minus placeat velit ipsa magni.', 5, '2018-09-12 14:25:39', '2018-09-12 14:25:39'),
(171, 52, 'Mr. Travis McGlynn', 'Sit laboriosam qui alias dolorem assumenda fuga officiis beatae. Vel ipsa delectus voluptas id est. Non sit voluptatem ut architecto mollitia voluptatem.', 1, '2018-09-12 14:25:39', '2018-09-12 14:25:39'),
(172, 35, 'Haylie Romaguera', 'Ipsam alias rerum qui distinctio. Officia magnam sed perferendis labore sed assumenda. Totam illum velit quia a laboriosam. Sequi velit et quisquam nam ut.', 0, '2018-09-12 14:25:39', '2018-09-12 14:25:39'),
(173, 58, 'Mr. Ryley Christiansen V', 'Et doloribus a quo in facere ut consequatur. Reprehenderit accusamus quam facilis iste deleniti similique nulla et. Iure nobis reprehenderit aut beatae tenetur quibusdam.', 1, '2018-09-12 14:25:39', '2018-09-12 14:25:39'),
(174, 37, 'Prof. Boris Ledner', 'Consequatur beatae repudiandae optio mollitia eos. Eos provident sint quisquam aspernatur. Nam accusamus sit reprehenderit sed quia eaque.', 5, '2018-09-12 14:25:39', '2018-09-12 14:25:39'),
(175, 21, 'Wilhelm Douglas', 'Qui aut in recusandae qui. Sequi quam placeat enim sed et labore harum. Accusantium tempora autem numquam a quas sed repudiandae. Aut distinctio enim commodi nesciunt.', 5, '2018-09-12 14:25:39', '2018-09-12 14:25:39'),
(176, 22, 'Mrs. Flavie Reichert II', 'Suscipit quo nisi autem repellendus id optio necessitatibus. Nostrum tempore aut et dolore. Et et recusandae magnam cumque.', 3, '2018-09-12 14:25:39', '2018-09-12 14:25:39'),
(177, 99, 'Garett Sporer', 'Dolores est quisquam quis ipsum non quasi. Modi reprehenderit consequatur impedit. Praesentium doloribus ut nisi iure tenetur.', 2, '2018-09-12 14:25:39', '2018-09-12 14:25:39'),
(178, 12, 'Hallie Champlin', 'Accusamus et voluptatem cupiditate suscipit numquam. Quod asperiores dicta numquam voluptate eaque voluptas. Nihil hic dolor ducimus id. Quod possimus sunt et totam voluptatem dolores.', 4, '2018-09-12 14:25:39', '2018-09-12 14:25:39'),
(179, 21, 'Dr. Astrid Emmerich V', 'Voluptas iste perferendis possimus et ipsa at quia. Assumenda id excepturi ut fuga. Facere quis ea vel asperiores sed eligendi nihil nulla. Aut voluptates debitis vero fugit.', 0, '2018-09-12 14:25:39', '2018-09-12 14:25:39'),
(180, 11, 'Dusty Kling', 'Eum tenetur voluptas quia. Nulla molestiae perspiciatis dolore est. Iusto consectetur omnis officiis minus. Distinctio ipsam rerum vero minus sit delectus labore.', 5, '2018-09-12 14:25:39', '2018-09-12 14:25:39'),
(181, 91, 'Simeon Romaguera', 'Atque quasi ut eum dicta numquam unde. Aut corrupti et sit quaerat ea. Aspernatur ea temporibus qui adipisci non nesciunt sunt.', 4, '2018-09-12 14:25:39', '2018-09-12 14:25:39'),
(182, 69, 'Dashawn Gaylord', 'Aut sed autem quam et. Non id sunt nostrum voluptas laboriosam nostrum qui ad.', 3, '2018-09-12 14:25:39', '2018-09-12 14:25:39'),
(183, 55, 'Dalton Gottlieb', 'Quia et odit distinctio dignissimos voluptatem vitae explicabo. Qui debitis id expedita cum.', 4, '2018-09-12 14:25:39', '2018-09-12 14:25:39'),
(184, 84, 'Mr. Ralph Denesik MD', 'Nobis eveniet voluptatibus sed nulla nemo sed. Rerum eius quia quod nesciunt et est. Labore dolor quibusdam saepe a facilis placeat et. Aut distinctio sint dolor qui laborum voluptas eos.', 0, '2018-09-12 14:25:39', '2018-09-12 14:25:39'),
(185, 76, 'Renee Von', 'Hic sunt quibusdam voluptas in ut cum. Est non tenetur libero. Commodi deleniti voluptatem soluta hic eum consequuntur aut. Mollitia et consectetur minima rem dolor. Dolorem qui eos sunt rerum beatae ipsam.', 0, '2018-09-12 14:25:39', '2018-09-12 14:25:39'),
(186, 18, 'Xander Kirlin', 'Unde libero molestias impedit modi quisquam at. Praesentium dolore placeat molestiae aspernatur nemo necessitatibus rem. Mollitia mollitia enim perspiciatis similique iusto sunt cum. Sed quasi possimus sit est.', 2, '2018-09-12 14:25:39', '2018-09-12 14:25:39'),
(187, 21, 'Mr. Danny Howe PhD', 'Quidem iusto magnam quod sunt. Vitae et doloremque voluptate accusantium. Nihil assumenda dolor corrupti laboriosam vel delectus cupiditate.', 1, '2018-09-12 14:25:39', '2018-09-12 14:25:39'),
(188, 7, 'Charles Koelpin', 'Excepturi velit ipsam error qui qui repellendus veniam id. Et quidem fugit nobis et. Quia qui ut fuga aliquid voluptate excepturi id ut.', 0, '2018-09-12 14:25:39', '2018-09-12 14:25:39'),
(189, 70, 'Mr. Malcolm Senger V', 'Repudiandae velit est velit asperiores nostrum qui magnam dolor. Itaque eius nesciunt dolores facilis aut qui ratione. Enim culpa ipsam perspiciatis sit ipsum consequatur distinctio laudantium.', 5, '2018-09-12 14:25:39', '2018-09-12 14:25:39'),
(190, 31, 'Karina Collier', 'Et iste nulla aut. Tempora hic saepe vero. Voluptatem et et fugiat rerum praesentium. Repellendus reprehenderit laudantium laborum ullam.', 0, '2018-09-12 14:25:39', '2018-09-12 14:25:39'),
(191, 48, 'Orin Herzog', 'Qui aut distinctio perferendis doloribus quibusdam consequatur. Numquam possimus cumque est harum quaerat dolorum voluptate.', 2, '2018-09-12 14:25:39', '2018-09-12 14:25:39'),
(192, 80, 'Margarita Flatley PhD', 'Fugiat porro saepe earum nemo dolores nihil amet. Quos rerum et vitae et. Atque at rerum qui illum alias eum vel quidem. Et est dignissimos quis eum vitae.', 4, '2018-09-12 14:25:39', '2018-09-12 14:25:39'),
(193, 27, 'Nichole Harber', 'Nihil sunt ullam debitis ut. Sit rerum possimus hic fugit laborum. Molestias corrupti sint dolores facere. Laborum debitis dolores et.', 1, '2018-09-12 14:25:39', '2018-09-12 14:25:39'),
(194, 98, 'Joshuah Boehm', 'Qui autem qui sit eos sapiente. Esse sed qui sit eum. Sed natus earum dolorem est ullam. Recusandae rem placeat ut.', 2, '2018-09-12 14:25:39', '2018-09-12 14:25:39'),
(195, 60, 'Jammie Stark', 'Nostrum quo provident quae et. Corporis cum cumque qui culpa non odit. Accusantium et aspernatur incidunt dolorum. Exercitationem libero quasi optio quo. Aperiam tenetur iusto fugiat atque eveniet sunt excepturi aut.', 3, '2018-09-12 14:25:39', '2018-09-12 14:25:39'),
(196, 78, 'Elvie Smitham', 'Nemo repudiandae qui eveniet eligendi velit nihil. Labore cum autem dolorem inventore modi quis. Rerum fugit est rerum. Quo possimus odit qui consequatur dolore qui.', 3, '2018-09-12 14:25:39', '2018-09-12 14:25:39'),
(197, 26, 'Dandre Dickens', 'Deserunt ipsa et doloribus reprehenderit. Provident et repellendus consectetur saepe autem. At et quaerat et sed mollitia rerum.', 5, '2018-09-12 14:25:39', '2018-09-12 14:25:39'),
(198, 46, 'Dr. Manley Johnson', 'Sunt nihil accusamus sint ab dolorum eos omnis eius. Quis minima blanditiis cumque est sunt voluptas doloremque voluptas. Voluptatem et nisi eum veniam deserunt voluptatem corrupti. Sequi dolores dolore sequi eos.', 3, '2018-09-12 14:25:39', '2018-09-12 14:25:39'),
(199, 31, 'Mr. Ewell Boehm', 'Rerum ipsa totam est dolore. Temporibus nihil neque maxime. Sint est fugiat esse sunt temporibus.', 4, '2018-09-12 14:25:39', '2018-09-12 14:25:39'),
(200, 55, 'Clint Zulauf', 'Assumenda officia similique sunt est ullam est natus ut. Natus ipsa sit optio.', 5, '2018-09-12 14:25:39', '2018-09-12 14:25:39'),
(201, 14, 'Davon Tillman', 'Eius cupiditate ea praesentium aliquid. Consequatur odio itaque fugiat non vero similique culpa. Nesciunt ut in aut voluptas ex.', 1, '2018-09-12 14:25:40', '2018-09-12 14:25:40'),
(202, 7, 'Miss Idell Greenholt PhD', 'Voluptatem et quia dolorem. Id rerum culpa consequatur sint explicabo soluta voluptas consequuntur. Aperiam voluptatum corrupti minima et explicabo consequuntur saepe asperiores. Itaque commodi odio fugiat fugiat aut.', 2, '2018-09-12 14:25:40', '2018-09-12 14:25:40'),
(203, 96, 'Miss Hope O\'Conner', 'Sit rerum aut voluptatibus eos repudiandae dignissimos. Quibusdam et et facilis ratione. Eaque quas quo commodi provident. Totam temporibus esse ad sed consequuntur dolor. Doloremque provident dolores inventore.', 2, '2018-09-12 14:25:40', '2018-09-12 14:25:40'),
(204, 24, 'Marlin Purdy', 'Et explicabo magnam quas voluptatum delectus reprehenderit iste ipsam. Minima fugiat facere sit illo.', 3, '2018-09-12 14:25:40', '2018-09-12 14:25:40'),
(205, 67, 'Dr. David Tromp', 'Delectus ipsum eius ab reiciendis rerum veritatis. Praesentium eligendi aut vel ex quia tempore. Et quia aliquid ratione culpa fugiat et dolore optio. Ipsam qui repudiandae ut aut nemo quis atque non.', 5, '2018-09-12 14:25:40', '2018-09-12 14:25:40'),
(206, 76, 'Arianna Kub', 'Similique et sint est reprehenderit sint unde. Nostrum odio non eveniet illo modi. Quis fugiat sapiente nihil dolores.', 4, '2018-09-12 14:25:40', '2018-09-12 14:25:40'),
(207, 56, 'Neoma Tillman', 'Ut dolor vel necessitatibus tenetur qui ex. Accusamus dolor optio ut quis doloremque. Est et eveniet totam et odit. Mollitia cumque est qui est molestiae.', 0, '2018-09-12 14:25:40', '2018-09-12 14:25:40'),
(208, 94, 'Mr. Johathan Harber MD', 'Provident at dolorem distinctio velit ad. Velit aut officiis excepturi. Laborum nesciunt esse quam sunt deleniti maxime. Ducimus quis optio suscipit tempora.', 5, '2018-09-12 14:25:40', '2018-09-12 14:25:40'),
(209, 74, 'Dr. Kathleen Yost I', 'Quo enim officia quam tempora. Voluptas recusandae quibusdam sunt nihil reiciendis. Occaecati aut dolor et itaque tempore. Occaecati ut ut ut molestiae.', 0, '2018-09-12 14:25:40', '2018-09-12 14:25:40'),
(210, 94, 'Modesta Jenkins', 'Hic dolorem molestias fugiat aut. Rerum sunt error velit. Rerum vel dignissimos non qui aut. Totam et excepturi nobis labore et unde qui.', 3, '2018-09-12 14:25:40', '2018-09-12 14:25:40');
INSERT INTO `reviews` (`id`, `product_id`, `customer`, `review`, `star`, `created_at`, `updated_at`) VALUES
(211, 68, 'Dr. Caterina Johnston', 'Non est magnam deserunt incidunt et quia. A cumque qui nam velit et est. Ea temporibus inventore repellendus adipisci fugit.', 4, '2018-09-12 14:25:40', '2018-09-12 14:25:40'),
(212, 67, 'Scotty Torphy', 'Eius ut quis commodi. Et veritatis labore tempore fugit. Ratione reiciendis porro sed assumenda reprehenderit quo.', 2, '2018-09-12 14:25:40', '2018-09-12 14:25:40'),
(213, 44, 'Kathleen Padberg', 'Et exercitationem maxime qui qui cumque dolorem. Et dolorum officia sed inventore dolores cum. Dolor facere nobis in magnam id corporis expedita numquam.', 3, '2018-09-12 14:25:40', '2018-09-12 14:25:40'),
(214, 36, 'Orville Hansen', 'Maxime quam ducimus rerum et. Vel ut inventore quam minima. Sunt quidem non modi repudiandae nihil nobis.', 0, '2018-09-12 14:25:40', '2018-09-12 14:25:40'),
(215, 89, 'Dr. Daniela Berge Jr.', 'Dolor quasi similique ullam ipsa. Quia et atque sed repellat velit ipsam.', 1, '2018-09-12 14:25:40', '2018-09-12 14:25:40'),
(216, 13, 'Polly Lang Sr.', 'Nemo odio quibusdam quia. Perferendis assumenda quam accusamus natus officiis. Sapiente aliquam ratione et quae velit est dolores. Non fugit suscipit labore voluptate voluptas error expedita.', 4, '2018-09-12 14:25:40', '2018-09-12 14:25:40'),
(217, 20, 'Frankie Medhurst II', 'Dicta accusamus est commodi officiis aspernatur. Ut quo sed velit ut esse dolor. Necessitatibus debitis veritatis quibusdam consequatur ipsa et minus.', 5, '2018-09-12 14:25:40', '2018-09-12 14:25:40'),
(218, 44, 'Deonte Satterfield Sr.', 'Ut excepturi tenetur vel. Occaecati voluptates et explicabo laborum nulla at facilis. Ducimus et saepe sed officia.', 4, '2018-09-12 14:25:40', '2018-09-12 14:25:40'),
(219, 47, 'Shannon Anderson', 'Praesentium molestiae eum officiis architecto voluptate non. Perspiciatis ut voluptates molestiae culpa consequatur nulla. Quo voluptas laborum aperiam nulla quam. Soluta minima impedit facere ipsa placeat.', 2, '2018-09-12 14:25:40', '2018-09-12 14:25:40'),
(220, 28, 'Bernhard Grimes', 'Repellendus sit nihil perferendis possimus accusantium molestiae porro sunt. Et distinctio qui vero hic voluptatem perferendis nobis soluta. Vel ab vitae saepe incidunt totam. Omnis ipsa rem itaque quae voluptatem ipsa.', 1, '2018-09-12 14:25:40', '2018-09-12 14:25:40'),
(221, 30, 'Natalie Bahringer', 'At pariatur dolorem occaecati repudiandae laborum neque. Eligendi fugit iste eos qui. Odit temporibus laborum sint quos sint deleniti molestiae. Suscipit quos accusamus voluptatem molestiae vero.', 4, '2018-09-12 14:25:40', '2018-09-12 14:25:40'),
(222, 71, 'Prof. Kian Nitzsche', 'Rerum libero architecto omnis aut quia ratione repellendus. Voluptas quis repellat repudiandae esse adipisci. Explicabo ipsa aspernatur quis ut dicta beatae. Vel deserunt ad ut assumenda necessitatibus.', 4, '2018-09-12 14:25:40', '2018-09-12 14:25:40'),
(223, 35, 'Miss Autumn Reynolds', 'Est sit et vero ea ratione libero. Repellendus aut aliquam laudantium fugiat. Aperiam vel natus nulla veritatis porro ad. Totam dolor quisquam harum modi molestiae dolore autem.', 2, '2018-09-12 14:25:40', '2018-09-12 14:25:40'),
(224, 88, 'Allison Russel', 'Sed veritatis accusamus voluptatem asperiores iure voluptatibus. Quae quis cumque possimus omnis veniam facere. Fugiat illo saepe inventore culpa a perspiciatis sed.', 1, '2018-09-12 14:25:40', '2018-09-12 14:25:40'),
(225, 80, 'Ms. Corrine Paucek DVM', 'Aut quisquam nihil ut optio nemo vitae placeat. Mollitia tenetur architecto rerum molestias quia velit inventore. Architecto fugiat alias eum qui dolorum.', 2, '2018-09-12 14:25:40', '2018-09-12 14:25:40'),
(226, 4, 'Mr. Dedrick Halvorson', 'Perspiciatis eum at error adipisci aut sed perspiciatis. Voluptates fuga optio similique delectus. Voluptate ut deleniti tenetur reprehenderit sint tenetur.', 4, '2018-09-12 14:25:40', '2018-09-12 14:25:40'),
(227, 72, 'Prof. Hilario Rippin Sr.', 'Possimus debitis quia ducimus vitae blanditiis. Eos maiores voluptatem qui sit. Reprehenderit natus quos dolores rerum distinctio.', 0, '2018-09-12 14:25:40', '2018-09-12 14:25:40'),
(228, 18, 'Arlie Leffler', 'Totam nihil et doloribus qui est ut. Eum nostrum ea hic sunt. Maxime perspiciatis eum blanditiis. Possimus nostrum commodi quia nam modi eos molestiae repudiandae.', 1, '2018-09-12 14:25:40', '2018-09-12 14:25:40'),
(229, 97, 'Niko Nolan', 'Pariatur illo incidunt dolores adipisci illo saepe et. Facere dolor suscipit quo iure voluptatem consequatur dolorum. Similique repudiandae aut odio. Rerum et modi iure et. Aut neque quibusdam sit nulla similique.', 2, '2018-09-12 14:25:40', '2018-09-12 14:25:40'),
(230, 16, 'Maida Schoen', 'Sequi consequatur mollitia quis eum. Ut et dolorem autem reprehenderit quod. Blanditiis quae et ratione consequatur non impedit commodi autem. Dolorem iusto sunt consequatur ex sit totam.', 2, '2018-09-12 14:25:40', '2018-09-12 14:25:40'),
(231, 52, 'Mrs. Tara Rowe', 'Ut eos ipsam beatae consequuntur quo. Eligendi ipsa reprehenderit quibusdam dolore ut cum perferendis. Saepe eligendi enim deleniti architecto.', 1, '2018-09-12 14:25:40', '2018-09-12 14:25:40'),
(232, 29, 'Amaya Schultz', 'Et vero labore dolor rem cum nobis vel. Id ex sint amet error. Optio quae illo ex ab quaerat voluptatem. Et ipsam error reiciendis qui ad voluptatem.', 3, '2018-09-12 14:25:40', '2018-09-12 14:25:40'),
(233, 51, 'Deanna Ritchie', 'Et temporibus amet et ut amet. Atque est ipsum voluptatem saepe est dolor. Quibusdam natus sit sunt mollitia architecto. Vel animi voluptatibus quaerat id et voluptatem sint ad.', 0, '2018-09-12 14:25:41', '2018-09-12 14:25:41'),
(234, 98, 'Prof. Brooks Davis', 'Necessitatibus voluptatum quidem repellendus sint non reprehenderit commodi. Sequi aut iusto dolores aut sit. Expedita autem id omnis et quisquam.', 1, '2018-09-12 14:25:41', '2018-09-12 14:25:41'),
(235, 55, 'Casper Weissnat V', 'Quas sapiente non fugiat autem provident. Enim incidunt sunt omnis. Et et tenetur sit sunt sit necessitatibus.', 4, '2018-09-12 14:25:41', '2018-09-12 14:25:41'),
(236, 88, 'Mr. Darien Altenwerth Sr.', 'Praesentium omnis est nihil necessitatibus quisquam. Officia qui facilis soluta numquam aperiam nihil. Sapiente ratione impedit qui et minus. Dignissimos quisquam ipsum quas culpa. Consequatur sed labore consequatur excepturi neque laudantium.', 4, '2018-09-12 14:25:41', '2018-09-12 14:25:41'),
(237, 30, 'Prof. Alfonzo Considine MD', 'Aut sint quae vel ut quis quaerat. Et nisi nihil tempore aspernatur id aperiam. Quasi est doloribus laboriosam quaerat sint ut adipisci.', 3, '2018-09-12 14:25:41', '2018-09-12 14:25:41'),
(238, 94, 'Janick Tromp', 'Accusamus assumenda tenetur eum soluta. Quaerat et id aut enim eos corporis ratione. Nemo maxime itaque qui voluptatem et possimus architecto. Libero numquam neque sunt dolorum nostrum inventore. Mollitia doloremque modi quidem ut quis debitis ut.', 2, '2018-09-12 14:25:41', '2018-09-12 14:25:41'),
(239, 7, 'Dr. Bonita Altenwerth', 'Qui aut tenetur expedita quos culpa harum facilis. Debitis nisi et praesentium aut nihil necessitatibus consequatur.', 0, '2018-09-12 14:25:41', '2018-09-12 14:25:41'),
(240, 98, 'Jennie Hansen', 'Aperiam quod qui ipsam ad reiciendis expedita. Ut nostrum illum unde temporibus. Est omnis eveniet aspernatur accusantium aut. Vel quia dolorem molestiae assumenda aut.', 2, '2018-09-12 14:25:41', '2018-09-12 14:25:41'),
(241, 18, 'Pattie Blick', 'Quibusdam itaque quae corporis aut assumenda. Corrupti officiis eos consequuntur deserunt eos ipsa perferendis. Labore eius rerum nisi officiis perspiciatis asperiores. Sit labore quia et rerum ut. Nostrum recusandae maxime dolores saepe ad sequi est.', 3, '2018-09-12 14:25:41', '2018-09-12 14:25:41'),
(242, 39, 'Miss Alana Schmeler', 'Cupiditate autem laboriosam velit qui et. Quod omnis rerum sint libero voluptatem quasi dignissimos velit. Minus earum quos voluptatibus doloribus quia hic vel nesciunt. Et quisquam dolore distinctio quia sunt.', 3, '2018-09-12 14:25:41', '2018-09-12 14:25:41'),
(243, 84, 'Kianna Wunsch III', 'Et aliquam ea excepturi recusandae aliquid iure recusandae amet. Molestiae ab minus voluptas voluptatum corrupti nisi corrupti. Facilis vel explicabo quia est. Quam omnis corrupti omnis veritatis minima incidunt possimus iste.', 4, '2018-09-12 14:25:41', '2018-09-12 14:25:41'),
(244, 80, 'Dortha Hodkiewicz', 'Rem nostrum ab natus accusantium temporibus qui tempora. Sunt cupiditate iure dolores sed incidunt quasi odio. Autem doloremque reprehenderit facilis quas officia qui rerum.', 2, '2018-09-12 14:25:41', '2018-09-12 14:25:41'),
(245, 24, 'Esta Jacobs V', 'Quo aut voluptatem maiores velit quasi dolores. Aperiam non praesentium omnis incidunt et. Ut harum suscipit blanditiis doloremque ea nihil. Aut provident voluptas enim. Aut facilis dolores possimus voluptatem blanditiis.', 5, '2018-09-12 14:25:41', '2018-09-12 14:25:41'),
(246, 6, 'Dr. Samson Marks', 'Id ducimus veniam quibusdam id molestiae id facere. Minima et quos vero ullam. Nostrum delectus voluptatem animi blanditiis nam aut nostrum. Sed provident reiciendis enim sunt ipsa voluptas pariatur.', 4, '2018-09-12 14:25:41', '2018-09-12 14:25:41'),
(247, 46, 'Miss Pattie Olson', 'Et fuga debitis qui. Officiis sequi recusandae minima error dignissimos. Voluptas et ad perspiciatis itaque consequatur. Ipsum praesentium magnam vero dolores laudantium neque quaerat.', 3, '2018-09-12 14:25:41', '2018-09-12 14:25:41'),
(248, 70, 'Rosemary Howe', 'Officia illo tempore voluptatem quasi asperiores. Voluptas aut asperiores laudantium accusamus.', 0, '2018-09-12 14:25:41', '2018-09-12 14:25:41'),
(249, 4, 'Lesley Waters', 'Rerum maiores ratione ut dolorem et quis eum pariatur. Saepe dicta delectus aut iste. Et et deserunt veniam impedit provident quisquam. Eligendi reiciendis fugit non ipsam veniam facere animi.', 4, '2018-09-12 14:25:41', '2018-09-12 14:25:41'),
(250, 78, 'Coby Abernathy', 'Quaerat quae perspiciatis deleniti incidunt natus cupiditate architecto. Totam autem dolorem quaerat perspiciatis similique rerum pariatur excepturi. Fuga voluptas qui exercitationem. Ut ullam aut ad dolorem qui eaque ipsam.', 0, '2018-09-12 14:25:41', '2018-09-12 14:25:41'),
(251, 91, 'Lauryn Simonis', 'Voluptatum labore et excepturi deserunt sequi fugiat. Officia molestiae quaerat quis provident id. Rerum enim maxime quis qui. Beatae vero esse ullam quia accusamus sint perferendis. Aut sit sint adipisci et laboriosam et.', 4, '2018-09-12 14:25:41', '2018-09-12 14:25:41'),
(252, 31, 'Ms. Savannah Kozey', 'Eos voluptatem sed a assumenda dignissimos aperiam. Deserunt maxime voluptatibus error id eum. In repellat sint eligendi quibusdam debitis aut vero est.', 2, '2018-09-12 14:25:41', '2018-09-12 14:25:41'),
(253, 85, 'Raheem Emmerich', 'Corrupti aspernatur fugiat nihil pariatur voluptatem soluta veniam nam. Deleniti mollitia et saepe enim reprehenderit. Eligendi omnis molestiae error laborum aut laborum.', 2, '2018-09-12 14:25:41', '2018-09-12 14:25:41'),
(254, 69, 'Mr. Alexys Daugherty DDS', 'Molestiae enim dolorum expedita sunt rerum ut. Et dolor similique possimus similique. Quo atque id enim.', 1, '2018-09-12 14:25:41', '2018-09-12 14:25:41'),
(255, 67, 'Dr. Helena Witting PhD', 'Ut est corrupti repellat consequuntur nemo sint aut. Nam maxime tempora expedita id consequuntur hic. Nihil enim maxime beatae nihil. Aut maxime esse deserunt laboriosam in.', 1, '2018-09-12 14:25:41', '2018-09-12 14:25:41'),
(256, 36, 'Vladimir Goyette DVM', 'Repellendus consequatur animi qui vitae rem reprehenderit sit. Ea exercitationem cupiditate voluptas explicabo porro ducimus. Neque vel est in distinctio. Eius commodi sit voluptas nobis eos.', 3, '2018-09-12 14:25:41', '2018-09-12 14:25:41'),
(257, 39, 'Prof. Amira McLaughlin', 'Accusantium qui sunt id quia fugiat laudantium. Nostrum accusantium fugiat ut ea dignissimos. Quaerat saepe veritatis totam perferendis dolorem dolores. Voluptatem quae veniam dolorem eligendi ut ducimus. Nisi neque ea laudantium quis amet laudantium accusantium.', 0, '2018-09-12 14:25:41', '2018-09-12 14:25:41'),
(258, 50, 'Prof. Cade Corkery Sr.', 'Doloremque accusamus voluptas autem laboriosam. Beatae rerum et quisquam inventore nulla libero. Repellendus nostrum ut dolor reprehenderit et molestias.', 5, '2018-09-12 14:25:41', '2018-09-12 14:25:41'),
(259, 80, 'Shayna Nolan', 'Non explicabo est ex. Numquam aliquam qui repellat dolores aperiam. Tempore culpa dolorum quis rem suscipit et et. Impedit sed porro ab quisquam quas soluta. Molestiae suscipit ipsa dignissimos repellat eos quo consequuntur excepturi.', 4, '2018-09-12 14:25:41', '2018-09-12 14:25:41'),
(260, 61, 'Erich Lueilwitz', 'Harum sunt id corporis distinctio debitis ut id. Odit non perferendis praesentium excepturi beatae dolore. Sapiente eligendi pariatur molestias repudiandae.', 1, '2018-09-12 14:25:41', '2018-09-12 14:25:41'),
(261, 29, 'Prof. Oran Von', 'Aut corporis doloribus et accusamus quo architecto perferendis veniam. Excepturi adipisci ut iusto. Animi temporibus non voluptates et omnis nostrum. Maiores minus repellat consequatur consequatur eaque provident.', 3, '2018-09-12 14:25:41', '2018-09-12 14:25:41'),
(262, 53, 'Vincenzo Grant DVM', 'Voluptatem repudiandae ducimus qui repellendus ab eaque accusamus. Expedita sit voluptatem quae deserunt doloremque. Id necessitatibus deserunt ut.', 0, '2018-09-12 14:25:41', '2018-09-12 14:25:41'),
(263, 21, 'Mr. Russ Skiles MD', 'Laborum accusamus suscipit qui quaerat expedita dignissimos. Perferendis ut omnis voluptatem est. Aut deleniti ut omnis atque. Cupiditate qui ratione doloremque enim voluptate in ut.', 0, '2018-09-12 14:25:41', '2018-09-12 14:25:41'),
(264, 59, 'Dr. Daniella Deckow', 'Est repudiandae nam illum ipsam assumenda molestias dolores. Suscipit eveniet non molestiae qui. Fuga non et nisi voluptatibus maxime quidem fugiat. Quis rerum quisquam error velit nihil blanditiis.', 3, '2018-09-12 14:25:41', '2018-09-12 14:25:41'),
(265, 89, 'Ms. Burdette Wehner DVM', 'Accusantium deserunt ea iusto nostrum eum id accusantium. Delectus ut qui et excepturi. Eveniet ullam dolorum ad ipsa mollitia.', 5, '2018-09-12 14:25:42', '2018-09-12 14:25:42'),
(266, 22, 'Shayna Smith', 'Labore aut totam est a dolorum. Corporis et est accusamus dolorem ut maiores voluptas. Exercitationem soluta consequatur et minus. Et et iusto assumenda nulla pariatur aliquam.', 5, '2018-09-12 14:25:42', '2018-09-12 14:25:42'),
(267, 30, 'Mr. Houston O\'Keefe', 'Voluptatem ut dolorem sit aut reprehenderit ullam porro. Vel aut facilis consectetur soluta et. Error sunt praesentium earum neque ipsam. Eos et atque ut iusto deleniti.', 2, '2018-09-12 14:25:42', '2018-09-12 14:25:42'),
(268, 33, 'Samantha Kuhic', 'Sint esse sed dolores. Consequuntur similique aperiam illo id nesciunt. Molestiae laboriosam rerum qui vitae. Officia asperiores quidem repellat iure.', 1, '2018-09-12 14:25:42', '2018-09-12 14:25:42'),
(269, 38, 'Augustine Nikolaus', 'Cum commodi voluptas alias dolor iste nihil. Fuga exercitationem eveniet repudiandae accusantium. Sint ipsam autem voluptates nihil.', 4, '2018-09-12 14:25:42', '2018-09-12 14:25:42'),
(270, 51, 'Lyric Emard', 'Alias pariatur quos error tempora. Inventore sit qui dolores harum qui distinctio. Impedit commodi ipsam ab ut sit. Odit enim qui ab animi laborum quo assumenda. Ea rem omnis et quo.', 3, '2018-09-12 14:25:42', '2018-09-12 14:25:42'),
(271, 21, 'Laury Jenkins', 'Consequatur sint quis sed. Eaque aut facilis qui quia. Nostrum optio fugiat accusantium et.', 0, '2018-09-12 14:25:42', '2018-09-12 14:25:42'),
(272, 99, 'Audie Breitenberg', 'Molestiae ipsa doloremque ratione est placeat. Quasi soluta veritatis qui. Est voluptatem neque rem voluptas rerum delectus repellendus ut.', 0, '2018-09-12 14:25:42', '2018-09-12 14:25:42'),
(273, 17, 'Jess Breitenberg', 'Voluptatem molestiae magni est aut sit eos. Rerum quasi explicabo adipisci dolorum itaque error omnis. Quis nam voluptatem accusamus ullam tempore assumenda cupiditate recusandae.', 4, '2018-09-12 14:25:42', '2018-09-12 14:25:42'),
(274, 62, 'Miss Aaliyah Bahringer DVM', 'Asperiores nemo et quo dolore dolorem quo quasi. Est sit dolores laborum eos aut. Ipsum qui est placeat voluptatibus magni quis qui.', 5, '2018-09-12 14:25:42', '2018-09-12 14:25:42'),
(275, 19, 'Buck Skiles', 'Et omnis quo aut eos eius dolor. Sed eum molestiae tempore laudantium. Cumque autem perferendis neque. Vel quod sapiente quasi placeat voluptas.', 5, '2018-09-12 14:25:42', '2018-09-12 14:25:42'),
(276, 16, 'Mr. Granville Feil V', 'Ea aut dolores distinctio eveniet. Tempore dolorem animi qui vel. Sint odit voluptatem harum et. Vel qui omnis perspiciatis voluptate.', 2, '2018-09-12 14:25:42', '2018-09-12 14:25:42'),
(277, 57, 'Keegan Labadie', 'Delectus in quas magni porro enim nostrum. In ut facere vel. Ab omnis eius fuga possimus eveniet rerum consequatur. Nulla dolore repellat id temporibus.', 5, '2018-09-12 14:25:42', '2018-09-12 14:25:42'),
(278, 19, 'Jackeline Marquardt', 'Earum omnis laboriosam exercitationem ut. Officia alias quia fugiat distinctio cupiditate velit. Quos rem sequi omnis quo mollitia quasi non. Omnis cumque esse est.', 1, '2018-09-12 14:25:42', '2018-09-12 14:25:42'),
(279, 59, 'Shanie O\'Keefe', 'Ut dolores sit culpa et impedit atque et. Dignissimos et corporis accusantium et. Quas ut error porro ut molestiae. Voluptatem non aspernatur est fugiat earum.', 3, '2018-09-12 14:25:42', '2018-09-12 14:25:42'),
(280, 32, 'Prof. Meredith Frami', 'Omnis ut tempore sapiente. Error assumenda ipsum veritatis. Nemo et mollitia neque dolor et vel.', 3, '2018-09-12 14:25:42', '2018-09-12 14:25:42'),
(281, 69, 'Miss Abagail Bayer DDS', 'Consequatur et velit dolorum officia cumque. Impedit non labore veniam officia odit perferendis. Eum ut qui minima qui. Nam repellendus blanditiis dolorum repellat odit sit ea.', 4, '2018-09-12 14:25:42', '2018-09-12 14:25:42'),
(282, 8, 'Kiarra Gaylord', 'Reprehenderit a quo dolorem deserunt qui laborum sit. In sit nobis a. Tempora id laborum officia est. Blanditiis aspernatur veniam iusto natus.', 0, '2018-09-12 14:25:42', '2018-09-12 14:25:42'),
(283, 12, 'Prof. Alexane White', 'Quod quo quia in illo. Odit ut voluptate sed eum quos veritatis eveniet amet. Non qui consequatur libero sit occaecati culpa maxime. Quia voluptatum molestiae qui non quasi.', 0, '2018-09-12 14:25:42', '2018-09-12 14:25:42'),
(284, 16, 'Reagan Schaefer', 'Fuga omnis voluptatum doloremque ipsam dolor. Nemo reiciendis ea est quisquam aliquam. Ex autem natus rem. Rem consectetur et eligendi tenetur omnis.', 4, '2018-09-12 14:25:42', '2018-09-12 14:25:42'),
(285, 20, 'Mr. Rodrick Bartoletti', 'Culpa perferendis reiciendis minus nam sit. Quasi nemo quis iste neque impedit ut quasi modi.', 5, '2018-09-12 14:25:42', '2018-09-12 14:25:42'),
(286, 27, 'Prof. Abraham Parker DVM', 'Fuga ut nulla iure autem est. Dicta explicabo rerum ex est iste aut aut. Eum veniam cupiditate at ea illo provident.', 5, '2018-09-12 14:25:42', '2018-09-12 14:25:42'),
(287, 11, 'Ms. Candace Torphy', 'Illo qui odio illo officiis non vero. Illo ut voluptatibus id error molestiae voluptatibus. Excepturi dolorem facilis in aut et similique.', 5, '2018-09-12 14:25:42', '2018-09-12 14:25:42'),
(288, 45, 'Brice Erdman', 'Accusantium voluptatibus et voluptatem consequuntur. Unde sapiente est quia sapiente quam illum. Recusandae et eveniet consequatur cum sint hic. Libero itaque at hic eligendi voluptate consequatur minima.', 4, '2018-09-12 14:25:42', '2018-09-12 14:25:42'),
(289, 79, 'Prof. Darrin Ryan', 'Voluptas ipsam ducimus inventore eaque iusto. Reprehenderit molestiae et quae iste. Ea quis sit iure voluptatem dicta est provident. Quis architecto magni quia dignissimos et soluta.', 5, '2018-09-12 14:25:42', '2018-09-12 14:25:42'),
(290, 3, 'Terrance Johns', 'Odit quo totam enim ex explicabo. Incidunt laboriosam animi numquam ea dolores. Velit nobis eos officiis dolore natus.', 1, '2018-09-12 14:25:42', '2018-09-12 14:25:42'),
(291, 99, 'Letha Daniel', 'Et repellendus soluta saepe aut voluptate quasi quam. Numquam dicta aut non molestiae optio quam. Omnis molestiae laboriosam tenetur quo qui. Debitis ullam repellendus provident.', 1, '2018-09-12 14:25:42', '2018-09-12 14:25:42'),
(292, 96, 'Kayley Koelpin', 'Voluptatum velit molestiae vel eos accusamus explicabo. Explicabo qui dolores asperiores placeat odio magnam. Repellendus neque ducimus non necessitatibus aut dolorum.', 3, '2018-09-12 14:25:42', '2018-09-12 14:25:42'),
(293, 36, 'Antwon Howe', 'Atque aperiam voluptas ut voluptas maxime. Rerum quia dolorem consequatur aliquam. Sint iusto omnis quia quisquam aut. Et repellat porro corrupti ea natus. Quidem sed commodi et nisi assumenda id.', 2, '2018-09-12 14:25:42', '2018-09-12 14:25:42'),
(294, 47, 'Mrs. Serenity Shields I', 'Vel rerum explicabo similique tempore occaecati fugit iure. Qui voluptates optio nemo id et quasi qui. Dolores possimus ipsa eius fugit.', 2, '2018-09-12 14:25:42', '2018-09-12 14:25:42'),
(295, 43, 'Misael Wisoky', 'Ea unde quo dignissimos et. Voluptate nisi reprehenderit ut magnam vero. Est accusamus ratione quisquam modi aliquid odit autem. Repellat quia iure rerum quis atque repudiandae.', 0, '2018-09-12 14:25:43', '2018-09-12 14:25:43'),
(296, 33, 'Miss Alyson Jakubowski II', 'Maiores numquam numquam sint magni. Autem temporibus ratione et aut sit voluptatem nesciunt. Recusandae fugiat iure assumenda eum est molestiae et. Ut amet provident quam itaque qui eos iusto.', 4, '2018-09-12 14:25:43', '2018-09-12 14:25:43'),
(297, 79, 'Ashtyn Medhurst', 'Eos qui rerum at dolor. Hic exercitationem iste ut aspernatur. Similique voluptatem et enim ut ducimus.', 2, '2018-09-12 14:25:43', '2018-09-12 14:25:43'),
(298, 39, 'Adolfo Moore', 'Aut voluptates animi sit distinctio quos deleniti repellat. Maiores aspernatur similique consequatur rerum ea architecto id natus. Nostrum dolores veritatis eum aut. Amet soluta molestiae magni aperiam sunt qui. Optio quia deleniti eum unde.', 3, '2018-09-12 14:25:43', '2018-09-12 14:25:43'),
(299, 29, 'Blanca Lowe', 'Aperiam soluta aperiam rem dolor esse. Magni qui molestias ut sit. Nam eos eum adipisci libero animi provident magnam. Nesciunt doloribus corrupti praesentium repellat vitae quasi aut.', 2, '2018-09-12 14:25:43', '2018-09-12 14:25:43'),
(300, 82, 'Gerald Runte III', 'Est distinctio voluptatem voluptate iste. Corrupti impedit minima quidem ipsam molestiae quas minima reprehenderit. Consequatur est rerum quia ea officiis. Ut quo quo recusandae quod expedita id. Vel beatae tempora ut et id ut at voluptates.', 2, '2018-09-12 14:25:43', '2018-09-12 14:25:43');

-- --------------------------------------------------------

--
-- Table structure for table `users`
--

CREATE TABLE `users` (
  `id` int(10) UNSIGNED NOT NULL,
  `name` varchar(190) COLLATE utf8mb4_unicode_ci NOT NULL,
  `email` varchar(190) COLLATE utf8mb4_unicode_ci NOT NULL,
  `email_verified_at` timestamp NULL DEFAULT NULL,
  `password` varchar(190) COLLATE utf8mb4_unicode_ci NOT NULL,
  `remember_token` varchar(100) COLLATE utf8mb4_unicode_ci DEFAULT NULL,
  `created_at` timestamp NULL DEFAULT NULL,
  `updated_at` timestamp NULL DEFAULT NULL
) ENGINE=InnoDB DEFAULT CHARSET=utf8mb4 COLLATE=utf8mb4_unicode_ci;

--
-- Indexes for dumped tables
--

--
-- Indexes for table `migrations`
--
ALTER TABLE `migrations`
  ADD PRIMARY KEY (`id`);

--
-- Indexes for table `password_resets`
--
ALTER TABLE `password_resets`
  ADD KEY `password_resets_email_index` (`email`);

--
-- Indexes for table `products`
--
ALTER TABLE `products`
  ADD PRIMARY KEY (`id`);

--
-- Indexes for table `reviews`
--
ALTER TABLE `reviews`
  ADD PRIMARY KEY (`id`),
  ADD KEY `reviews_product_id_index` (`product_id`);

--
-- Indexes for table `users`
--
ALTER TABLE `users`
  ADD PRIMARY KEY (`id`),
  ADD UNIQUE KEY `users_email_unique` (`email`);

--
-- AUTO_INCREMENT for dumped tables
--

--
-- AUTO_INCREMENT for table `migrations`
--
ALTER TABLE `migrations`
  MODIFY `id` int(10) UNSIGNED NOT NULL AUTO_INCREMENT, AUTO_INCREMENT=5;

--
-- AUTO_INCREMENT for table `products`
--
ALTER TABLE `products`
  MODIFY `id` int(10) UNSIGNED NOT NULL AUTO_INCREMENT, AUTO_INCREMENT=101;

--
-- AUTO_INCREMENT for table `reviews`
--
ALTER TABLE `reviews`
  MODIFY `id` int(10) UNSIGNED NOT NULL AUTO_INCREMENT, AUTO_INCREMENT=301;

--
-- AUTO_INCREMENT for table `users`
--
ALTER TABLE `users`
  MODIFY `id` int(10) UNSIGNED NOT NULL AUTO_INCREMENT;

--
-- Constraints for dumped tables
--

--
-- Constraints for table `reviews`
--
ALTER TABLE `reviews`
  ADD CONSTRAINT `reviews_product_id_foreign` FOREIGN KEY (`product_id`) REFERENCES `products` (`id`) ON DELETE CASCADE;
COMMIT;

/*!40101 SET CHARACTER_SET_CLIENT=@OLD_CHARACTER_SET_CLIENT */;
/*!40101 SET CHARACTER_SET_RESULTS=@OLD_CHARACTER_SET_RESULTS */;
/*!40101 SET COLLATION_CONNECTION=@OLD_COLLATION_CONNECTION */;
